Q1,Q2,Q3,Q4,Q5,Q6,Q7,Q8,Q9,Q10,Q11,Q12,Q13,Q14,Q15,Q16,Q17,Q18,Q19,Q20,Q21,Q22,Q23,Q24,Q25,Q26,Q27,Q28,Q29,Q30,Q31,Q32,affiliative,selfenhancing,selfdefeating,age,gender,accuracy,aggressive
2,2,3,1,4,5,4,3,4,3,3,1,5,4,4,4,2,3,3,1,4,4,3,2,1,3,2,4,2,4,2,2,4.0,3.5,2.25,25,2,100,3.0
2,3,2,2,4,4,4,3,4,3,4,3,3,4,5,4,2,2,3,2,3,3,4,2,2,5,1,2,4,4,3,1,3.25,3.5,2.375,44,2,90,3.25
3,4,3,3,4,4,3,1,2,4,3,2,4,4,3,3,2,4,2,1,4,2,4,3,2,4,3,3,2,5,4,2,3.875,3.875,2.25,50,1,75,3.125
1,4,2,2,3,5,4,1,4,4,2,2,5,4,4,4,2,3,2,1,5,3,3,1,1,5,2,3,2,5,4,2,4.125,4.125,2.0,52,1,80,2.875
3,3,3,2,3,3,4,2,2,1,3,3,4,4,4,3,2,1,4,2,4,4,4,2,2,3,2,4,3,4,3,3,3.625,2.875,2.625,30,2,60,3.375
4,1,2,4,2,3,3,3,4,4,4,1,2,1,2,4,4,1,3,1,3,2,2,3,4,3,2,2,3,3,4,4,2.25,2.25,2.75,27,1,60,2.75
2,4,4,1,5,5,4,3,2,4,3,3,5,4,3,3,3,4,5,3,4,3,3,1,1,4,2,4,1,5,2,2,4.375,4.125,2.5,34,1,88,3.25
2,2,1,1,3,4,3,1,3,3,2,2,5,3,3,4,2,2,4,1,4,4,4,2,1,3,4,4,1,5,2,1,4.125,3.25,2.0,30,2,95,2.875
4,2,4,1,3,5,4,2,3,1,5,3,1,3,1,5,5,1,3,1,2,1,5,2,4,5,5,2,1,5,3,2,2.375,2.875,2.25,18,1,85,3.75
1,5,1,3,4,5,4,3,2,5,5,3,5,5,5,2,2,5,4,1,5,1,4,4,1,5,2,2,2,5,2,3,4.5,4.5,2.625,33,1,86,3.375
1,3,5,5,5,5,1,4,1,3,5,4,5,3,3,2,1,3,5,1,5,1,1,3,1,5,3,1,1,5,1,3,5.0,3.5,2.875,26,1,90,3.0
4,2,2,2,2,2,3,1,5,1,5,1,4,2,3,5,4,2,1,1,2,2,4,3,2,2,2,2,4,4,2,1,2.375,2.125,2.0,36,1,90,2.75
1,2,3,3,5,5,3,2,3,1,1,3,4,4,5,4,1,1,3,1,5,3,5,2,1,4,1,1,1,5,4,4,4.625,3.125,2.5,30,1,80,3.125
2,4,4,4,4,5,5,3,2,3,1,4,4,3,3,2,2,4,3,2,4,2,3,2,2,4,1,4,2,4,4,4,4.0,3.625,3.125,26,1,75,3.0
1,3,4,2,5,5,3,1,1,2,2,3,5,3,3,3,1,2,3,1,5,3,4,1,1,3,1,3,1,4,4,2,5.0,3.125,2.0,27,2,100,3.0
3,4,3,2,5,5,4,1,2,5,3,4,3,5,4,5,2,5,3,1,5,2,3,2,2,5,3,1,3,5,4,3,3.875,4.5,2.375,21,2,80,3.375
1,4,2,3,4,5,2,3,3,4,4,4,5,3,1,2,3,3,5,2,4,3,3,2,1,4,2,3,2,5,1,2,4.125,3.875,2.625,26,1,85,2.5
3,5,2,2,3,4,3,2,2,3,2,3,3,4,3,3,1,3,2,2,5,2,3,2,2,4,2,2,3,5,3,3,3.75,3.75,2.375,20,1,80,2.5
4,3,3,2,2,4,3,1,3,2,1,2,5,3,5,1,4,3,1,1,5,2,3,3,1,2,1,1,1,5,1,1,3.625,3.0,1.5,23,1,80,2.25
1,3,1,3,4,4,4,2,3,2,2,2,4,4,5,3,3,2,2,2,5,4,5,1,1,3,1,3,2,3,5,2,4.125,3.125,2.25,50,2,90,3.125
4,3,1,2,2,5,4,2,2,2,2,2,4,3,5,4,4,3,2,2,4,3,4,2,2,3,1,2,4,5,4,2,3.0,3.375,2.25,36,2,100,2.875
3,4,1,5,4,4,3,4,2,4,2,4,4,3,5,4,2,3,2,3,4,3,3,3,2,4,1,4,3,5,4,3,3.75,3.75,3.75,70,2,80,2.625
1,4,3,4,4,5,4,2,3,1,4,4,5,5,2,4,1,1,3,2,5,2,2,1,1,5,4,3,2,5,2,1,4.5,3.5,2.625,17,2,99,3.0
4,2,1,1,1,4,2,1,5,1,4,1,1,1,3,5,5,1,2,1,1,5,5,2,5,2,1,1,3,3,3,1,1.375,2.375,1.625,39,1,87,2.625
3,3,2,3,2,3,4,1,3,2,1,2,4,4,4,3,3,3,1,1,4,3,3,2,2,3,1,1,2,4,2,3,3.375,3.125,2.0,61,2,73,2.25
4,4,3,3,4,2,2,4,2,3,4,4,2,4,4,2,3,4,4,4,3,2,4,4,3,2,4,4,2,2,3,4,3.125,2.875,3.625,18,2,75,3.5
3,4,1,3,2,4,5,1,3,4,1,2,3,4,5,3,3,4,1,1,4,2,3,4,2,4,1,2,5,4,5,2,2.875,3.75,2.25,44,2,70,2.75
3,1,2,2,4,4,4,1,4,1,2,2,4,2,4,4,2,1,4,1,4,4,3,2,2,2,2,2,3,3,5,2,3.5,2.25,2.0,29,1,80,3.25
2,3,4,5,3,4,4,5,4,3,2,4,5,4,2,1,2,3,4,5,5,2,4,5,1,4,1,3,4,5,4,5,3.75,3.5,4.125,16,1,83,3.125
3,3,2,3,1,2,3,2,4,2,3,3,4,2,4,3,3,2,2,2,3,4,2,3,2,2,1,2,5,3,1,3,2.625,2.5,2.625,17,2,77,2.25
1,5,4,4,4,5,3,4,2,5,5,5,5,5,2,1,1,5,5,4,5,2,1,5,1,5,5,5,2,5,1,4,4.625,4.625,4.0,69,1,98,3.25
3,4,3,2,4,4,4,3,2,1,3,3,5,3,2,4,2,2,2,1,4,2,2,2,1,3,2,4,2,4,4,2,4.125,2.875,2.625,20,2,90,2.75
3,2,3,4,4,4,3,2,2,1,2,3,3,2,4,4,2,1,4,1,5,3,1,2,2,1,1,1,2,4,4,3,3.875,2.25,2.5,22,1,85,2.75
1,5,4,2,4,4,3,3,2,4,2,4,5,5,1,1,1,4,4,4,4,2,2,3,1,5,4,2,1,5,3,4,4.625,4.25,2.875,38,2,90,2.875
1,5,4,4,3,5,3,2,3,4,5,2,5,5,4,4,1,5,5,1,5,1,2,3,1,4,1,5,4,5,1,3,4.125,4.25,3.0,16,1,90,3.125
3,1,2,2,2,4,2,1,3,1,2,3,2,2,4,3,2,1,5,2,3,5,3,3,3,3,1,3,4,5,3,2,2.75,2.75,2.375,24,1,90,2.75
1,4,4,2,4,5,4,2,4,2,2,1,5,5,2,5,2,3,4,1,5,2,2,1,1,4,4,4,1,5,2,3,4.375,3.75,2.375,26,1,85,3.0
1,3,4,3,5,5,4,1,1,3,2,4,5,5,2,4,1,3,4,1,5,4,3,1,1,3,2,4,1,3,4,2,5.0,3.625,2.5,27,1,100,3.125
2,5,3,2,3,3,5,1,4,2,1,1,5,4,4,4,2,4,2,1,5,2,4,2,1,3,1,1,3,5,4,3,3.875,3.5,1.875,23,1,100,3.0
3,3,4,4,4,5,4,2,2,2,3,3,5,4,3,4,2,2,4,2,5,4,3,2,1,4,2,2,3,5,4,3,4.125,3.625,2.75,22,1,80,3.375
2,3,3,3,3,5,4,3,4,3,2,3,5,4,5,3,3,2,4,3,4,3,3,2,2,5,1,5,3,5,1,3,3.5,3.75,3.125,20,2,70,2.875
3,1,4,3,3,4,2,2,1,3,2,1,5,2,3,4,3,1,4,1,4,4,2,2,1,3,1,4,3,4,2,2,3.875,2.75,2.375,26,1,50,2.5
2,1,2,3,3,5,1,1,5,2,5,2,5,5,4,2,3,1,5,1,2,4,5,4,1,4,1,3,4,5,2,1,3.125,3.375,2.125,14,2,90,3.125
4,4,3,1,3,5,1,1,5,1,5,1,5,3,1,5,1,5,4,1,5,1,1,1,1,5,4,5,1,5,1,1,3.875,3.625,2.0,20,2,70,2.5
2,2,3,3,3,4,3,2,3,2,4,3,4,3,4,3,1,3,2,2,4,4,3,3,1,3,3,3,2,3,3,4,4.0,3.0,2.875,23,1,70,3.125
2,4,2,3,5,5,4,4,1,3,2,4,5,3,3,2,2,5,4,3,5,2,1,3,1,4,2,4,2,4,2,3,4.625,3.75,3.25,40,1,75,2.5
2,5,3,2,5,5,3,1,2,3,2,2,5,5,1,5,1,5,4,1,5,1,2,2,1,4,2,2,1,5,4,2,4.75,4.125,2.125,22,1,95,2.625
3,3,3,2,3,4,4,2,2,3,3,3,4,3,3,2,2,2,3,2,4,3,3,2,2,4,3,2,3,4,3,3,3.625,3.25,2.25,62,1,60,3.125
1,4,4,4,5,4,2,4,2,5,5,2,5,3,5,4,1,3,4,2,5,2,2,1,1,4,2,2,1,5,2,3,4.875,3.75,2.75,51,2,88,3.25
5,4,4,4,4,5,5,5,2,5,1,3,5,5,4,3,1,4,3,3,5,4,2,1,1,5,4,4,1,5,2,2,4.25,4.625,3.125,35,1,90,3.125
1,4,3,5,5,5,4,5,1,3,3,4,5,3,2,1,1,3,3,4,5,4,3,3,1,3,1,5,1,3,1,5,5.0,3.5,4.0,22,2,85,2.5
2,2,3,2,4,4,4,1,2,3,4,1,5,2,3,4,2,3,4,1,5,2,4,1,1,3,3,2,1,3,3,1,4.5,2.75,1.625,25,1,75,3.5
1,4,2,5,5,5,4,5,1,4,2,4,5,5,4,2,1,4,5,5,5,1,1,3,1,4,2,5,1,5,4,3,5.0,4.0,4.0,30,1,95,3.0
1,4,1,4,4,4,5,2,2,2,2,4,5,1,5,4,2,2,2,3,5,5,5,5,2,2,1,4,4,4,4,3,4.125,3.0,3.625,46,1,90,3.125
3,2,3,2,4,4,3,2,2,4,3,3,3,3,3,3,3,3,3,3,3,3,3,3,3,3,3,3,3,3,3,3,3.25,3.125,2.75,17,2,100,3.0
2,4,2,4,5,5,3,2,2,3,2,3,5,4,2,3,1,2,2,1,5,2,2,3,1,3,2,4,1,5,2,3,4.75,3.5,2.875,30,1,75,2.125
2,4,3,3,3,4,4,4,5,2,3,3,5,2,2,2,1,2,3,3,4,1,2,2,1,4,2,4,4,4,1,3,3.625,2.875,3.0,22,2,85,2.5
3,4,4,4,4,4,3,4,2,2,2,4,5,3,5,3,1,3,4,2,2,4,4,2,1,3,1,5,3,2,1,5,3.875,3.125,3.625,22,2,100,3.0
3,3,4,2,5,2,4,2,4,1,4,2,4,1,3,4,2,1,4,1,2,1,4,1,2,2,1,3,1,2,2,1,3.625,1.625,2.0,14,1,95,3.25
3,3,4,4,2,3,2,3,3,2,2,4,2,2,2,2,3,2,4,4,4,2,3,2,4,2,4,2,3,2,2,3,2.75,2.25,3.0,40,2,70,2.875
1,5,4,3,3,4,4,4,3,2,4,4,5,5,3,4,4,2,1,1,4,4,3,2,1,5,5,1,1,2,4,4,4.0,3.625,2.875,29,2,80,3.5
2,4,3,3,4,4,4,1,2,2,1,1,5,4,2,5,1,3,3,1,5,4,2,3,1,2,1,1,3,5,4,3,4.375,3.5,2.25,20,1,95,2.5
3,3,4,3,3,2,3,2,3,2,1,4,5,2,3,3,2,2,1,2,5,4,3,2,1,2,3,3,4,3,3,3,3.75,2.5,2.75,17,1,75,2.625
2,3,4,3,3,4,3,2,2,2,3,2,5,3,4,4,2,2,2,2,5,4,3,4,1,2,2,4,3,4,3,2,4.125,3.0,2.875,18,2,9,3.0
3,3,5,1,3,5,4,1,2,4,1,4,5,5,5,5,2,1,2,1,5,5,5,5,1,4,1,4,3,2,1,1,4.0,3.625,2.75,18,1,95,3.0
1,4,3,5,5,5,3,5,2,3,2,4,5,5,1,1,1,3,5,4,5,1,1,3,1,4,5,4,3,5,1,4,4.625,3.75,3.75,21,1,90,2.625
1,5,5,2,5,5,3,1,2,3,4,2,5,4,2,4,1,3,5,1,5,4,2,2,2,3,4,3,2,3,2,3,4.625,3.75,2.25,23,1,100,3.375
1,4,5,4,5,5,2,3,1,4,2,5,3,4,1,3,1,3,5,3,5,1,1,2,1,5,1,3,1,5,1,3,4.75,3.875,3.25,16,1,75,2.25
2,5,4,4,3,4,3,5,4,2,4,5,5,4,2,1,1,4,3,4,5,1,2,3,1,5,3,3,3,4,3,3,4.0,3.625,3.5,24,1,80,3.0
3,1,2,2,3,5,1,3,1,1,1,3,5,3,5,3,2,2,2,2,5,4,5,1,1,2,1,1,4,3,5,3,4.0,2.625,2.25,36,2,90,2.75
1,5,4,3,4,5,3,2,3,3,4,2,5,4,2,4,3,1,4,1,4,3,3,3,1,4,3,3,2,5,2,3,4.125,3.75,2.625,23,1,85,3.125
2,4,2,4,2,5,3,1,3,5,2,2,3,5,5,4,1,1,4,1,5,2,4,2,2,5,1,4,1,5,1,2,3.875,4.0,2.5,42,1,95,2.75
1,3,3,3,2,5,3,2,2,3,2,3,5,5,5,4,2,3,3,2,4,4,3,1,1,3,2,1,4,3,3,2,3.875,3.625,2.25,27,2,80,3.0
5,5,1,1,3,5,5,1,5,4,1,1,3,3,5,5,5,5,1,1,1,3,5,4,2,3,2,3,2,5,5,1,2.25,4.125,2.125,29,2,100,3.125
1,3,4,1,4,5,3,1,2,2,4,1,5,3,2,5,1,3,2,1,4,5,1,1,1,2,4,5,1,5,3,1,4.625,3.5,2.0,16,1,100,2.875
2,4,4,4,3,4,3,4,2,2,4,2,4,2,3,3,1,2,3,3,5,3,2,3,1,3,2,3,2,4,1,3,4.25,3.0,3.125,19,1,80,2.75
2,4,3,3,5,4,4,3,1,5,2,3,5,4,4,2,2,4,4,2,5,3,1,4,1,2,2,3,2,4,2,5,4.625,3.75,3.125,19,2,100,2.75
2,3,5,1,4,4,2,1,2,3,4,1,5,4,1,5,1,3,3,1,4,2,1,2,1,3,5,3,1,5,1,1,4.5,3.375,1.875,26,1,85,2.75
4,3,3,4,2,4,4,2,3,2,3,3,5,3,2,4,3,2,3,2,4,4,2,1,1,2,2,2,4,3,2,2,3.25,2.875,2.5,18,1,80,2.625
5,3,4,3,5,5,4,3,2,4,2,4,5,3,3,3,1,5,4,2,5,4,3,2,1,3,4,5,2,5,2,3,4.25,4.0,3.125,23,1,90,3.25
2,2,4,3,1,2,3,1,5,1,3,1,5,2,2,5,4,1,4,2,4,4,1,1,1,3,4,2,4,2,1,1,3.0,2.125,2.0,20,2,90,2.75
1,1,4,3,2,3,5,4,4,3,4,5,5,2,3,2,1,3,5,4,5,5,1,5,1,3,5,4,4,2,1,4,3.875,2.75,3.875,20,2,90,3.5
2,3,1,2,4,4,4,1,2,2,1,3,5,4,5,5,3,2,2,1,5,3,3,2,2,4,1,1,4,4,4,2,3.875,3.25,2.125,32,2,90,2.625
1,3,3,2,4,5,3,2,1,1,2,3,5,2,4,4,1,1,4,2,5,5,2,1,1,4,2,5,1,5,2,2,4.875,3.25,2.625,20,1,80,2.75
2,1,2,1,3,2,5,5,3,3,2,2,4,2,3,3,4,3,2,2,4,4,2,2,2,3,3,3,4,4,3,2,3.25,2.75,2.5,23,2,90,2.75
3,1,3,2,3,5,3,3,2,1,3,2,5,3,3,3,2,1,4,2,4,4,4,4,2,3,1,4,2,5,4,3,3.875,2.875,2.875,18,1,87,3.125
2,3,3,2,4,5,4,3,2,3,2,4,5,2,4,3,1,3,2,2,5,3,3,1,1,3,2,4,1,4,5,1,4.625,3.25,2.5,46,1,80,3.125
4,4,3,2,1,1,2,4,5,3,4,1,3,2,2,4,5,4,2,4,1,4,3,1,2,4,2,3,2,5,2,2,2.125,3.375,2.625,18,1,85,2.5
4,4,1,1,4,4,2,3,2,3,5,5,4,3,1,1,2,2,2,3,5,1,1,3,2,4,1,4,2,5,1,3,3.875,3.25,2.875,33,1,95,1.75
2,4,4,3,5,4,3,4,5,4,4,2,4,4,3,3,1,4,5,2,5,4,2,4,2,4,2,4,2,5,3,3,4.0,4.125,3.125,20,1,80,3.25
2,3,3,3,4,5,4,2,2,3,3,1,4,3,5,4,3,4,2,1,5,3,4,1,2,3,2,3,3,5,5,2,3.875,3.625,2.125,26,2,86,3.5
1,5,2,2,4,5,4,2,1,4,3,1,5,4,3,4,1,4,5,2,5,2,2,2,1,4,4,3,2,5,2,3,4.75,4.125,2.375,22,2,88,3.125
2,5,4,3,4,4,1,2,2,4,3,3,5,3,1,1,1,4,4,1,4,3,2,2,2,3,3,3,2,4,2,2,4.25,3.75,2.125,22,1,90,2.5
2,4,2,5,2,4,3,4,3,4,1,3,4,1,4,3,2,4,1,4,4,4,3,4,2,4,2,5,3,4,5,4,3.5,3.625,4.0,16,2,100,2.625
2,4,4,1,4,4,1,4,1,4,4,4,4,3,1,1,1,4,4,4,4,2,2,2,2,4,4,4,1,4,1,2,4.375,3.625,2.75,32,1,100,2.625
5,1,5,1,3,5,5,5,1,5,1,5,3,5,5,3,1,5,3,5,5,5,1,5,1,5,1,3,5,5,5,5,3.5,4.5,4.0,26,1,100,3.25
2,4,4,3,4,5,3,2,4,5,4,3,3,5,2,3,3,3,5,2,4,3,3,2,3,4,5,4,3,5,1,3,3.25,4.25,2.75,44,1,95,3.375
2,3,2,3,3,3,3,2,2,3,3,3,4,2,4,4,2,2,3,2,4,3,2,1,1,2,3,1,2,4,2,2,4.0,2.75,2.25,25,2,90,2.75
1,3,3,3,4,4,2,3,2,3,2,3,5,5,3,3,1,2,4,2,5,3,2,2,1,3,5,5,2,5,1,2,4.625,3.5,2.875,16,1,85,2.75
3,2,5,2,2,3,2,2,4,2,4,1,4,2,1,4,4,2,3,1,2,2,1,1,3,2,5,3,3,3,1,3,2.625,2.25,2.125,15,2,50,2.75
1,5,3,5,4,5,2,2,1,5,2,5,5,5,1,1,1,5,5,1,5,1,1,2,1,5,5,4,2,5,2,4,4.75,4.5,3.0,21,1,100,2.625
1,2,4,4,5,3,4,1,4,4,2,4,3,2,4,4,1,2,4,1,5,2,4,1,1,4,2,5,2,3,1,2,4.25,2.75,2.75,19,1,100,3.125
2,2,2,2,3,4,4,2,3,3,2,2,5,3,5,4,2,3,2,2,4,3,2,1,1,4,2,4,3,4,4,2,3.875,3.25,2.375,50,2,90,2.875
3,4,3,4,5,4,4,4,2,2,4,4,5,2,5,3,1,1,4,4,5,1,3,4,1,2,4,5,2,5,4,3,4.5,2.625,3.875,18,2,70,3.875
1,5,4,4,5,5,2,3,1,5,4,4,5,5,2,2,1,5,4,2,5,1,1,3,1,5,3,5,2,5,1,3,4.875,4.5,3.25,37,2,90,2.625
4,2,4,3,4,3,4,2,1,4,2,5,5,5,3,3,1,2,5,3,5,2,2,3,1,4,1,4,2,3,1,2,4.375,3.125,3.125,19,1,90,2.75
3,4,1,1,3,5,4,1,4,5,1,3,3,5,5,3,3,5,4,1,4,4,1,2,2,5,3,4,1,5,4,1,3.375,4.75,2.0,62,1,85,2.875
3,2,4,4,5,2,3,2,3,3,2,3,5,1,4,3,3,2,3,3,4,1,5,3,3,2,4,3,2,2,3,4,3.75,1.875,3.125,15,1,97,3.5
2,3,3,4,4,4,4,3,2,3,1,2,5,5,4,2,2,3,4,2,4,3,3,2,1,4,1,4,3,3,3,4,4.125,3.5,2.875,20,1,90,2.875
2,4,3,3,4,4,3,2,4,3,2,3,4,3,5,3,2,4,3,2,4,2,3,3,2,4,5,3,3,4,3,3,3.625,3.5,2.75,45,1,100,3.375
2,2,3,3,3,4,4,3,4,3,2,2,4,3,5,4,4,3,3,4,4,4,2,3,1,4,1,2,3,4,4,4,3.375,3.375,3.125,19,2,60,3.0
2,4,2,2,3,4,5,1,4,1,1,2,4,5,5,5,2,4,1,1,4,1,4,1,2,1,1,3,3,5,5,1,3.5,3.125,2.0,35,2,100,3.0
2,4,3,3,2,4,3,3,4,4,3,3,4,3,2,3,2,4,3,3,3,3,2,2,2,3,2,3,3,3,2,3,3.25,3.5,2.875,18,1,100,2.5
3,2,5,3,2,1,2,2,4,2,5,3,4,2,5,2,3,1,4,1,5,5,3,4,3,2,4,3,3,3,2,3,3.125,2.25,2.625,22,2,90,3.75
2,4,4,2,2,5,1,2,3,4,2,2,4,5,5,4,5,5,5,2,5,5,4,3,2,3,1,5,1,5,2,2,3.5,4.5,2.75,15,2,80,3.0
1,3,2,1,5,4,4,1,1,3,1,2,4,5,5,4,1,2,3,1,5,3,4,1,1,3,1,3,1,2,4,1,4.875,3.125,1.75,35,2,90,3.0
1,3,3,3,4,3,3,1,5,2,1,3,5,2,2,2,1,1,3,1,5,3,1,2,1,1,2,1,4,4,3,4,4.0,2.375,2.125,28,2,90,2.25
1,5,1,1,5,5,5,1,1,1,1,1,5,4,5,3,1,1,2,1,5,1,5,2,1,3,1,1,1,5,4,1,5.0,3.125,1.375,49,1,100,3.0
2,4,4,4,4,4,3,2,4,2,2,4,5,3,3,3,2,2,4,2,4,4,2,2,2,3,4,4,2,5,2,3,3.875,3.375,3.0,29,2,75,3.0
1,2,2,3,4,2,4,2,4,1,2,2,4,1,4,4,2,1,4,1,5,4,2,3,2,1,1,1,2,3,4,4,4.0,1.875,2.5,19,1,93,2.875
4,3,2,3,2,4,3,2,4,3,2,3,2,3,3,3,4,3,2,2,3,4,2,2,4,3,2,2,4,4,4,2,2.125,3.375,2.375,44,1,75,2.5
1,4,3,2,4,5,4,2,2,2,3,2,5,3,4,5,2,2,4,2,5,3,2,3,1,3,2,2,2,5,2,2,4.5,3.375,2.5,25,2,80,3.0
5,1,1,3,2,1,5,1,5,2,5,1,2,1,5,5,5,1,3,1,4,2,3,3,4,1,1,1,3,1,3,2,2.0,1.25,2.125,21,1,90,3.25
1,3,5,4,4,5,1,4,2,3,4,5,5,5,2,2,1,3,5,4,5,2,2,2,1,3,4,5,1,5,1,4,4.75,3.625,3.75,24,1,99,3.0
2,4,2,2,4,4,3,2,2,3,2,4,4,2,3,2,1,2,4,2,5,2,4,2,2,5,2,4,2,4,3,4,4.25,3.25,2.75,46,1,95,2.875
1,4,3,2,4,4,4,1,2,3,4,2,5,3,2,4,1,3,2,1,5,3,4,1,1,3,2,2,2,5,2,3,4.625,3.5,2.0,31,1,100,2.875
2,4,3,4,4,4,4,3,4,4,2,2,3,4,5,4,2,3,2,4,5,2,5,2,4,4,2,3,3,5,4,3,3.375,3.75,3.125,64,1,95,3.375
1,4,2,5,1,5,4,3,3,4,2,4,3,2,5,4,3,4,5,2,5,5,3,5,2,5,1,3,4,5,3,2,3.25,4.25,3.5,38,3,90,3.125
3,2,3,3,3,4,2,3,3,3,4,3,4,3,2,3,3,3,3,3,4,3,3,3,2,4,2,3,3,5,2,3,3.375,3.375,3.0,22,1,75,2.625
1,5,2,2,4,5,4,1,2,4,2,4,5,5,2,3,1,4,4,1,5,2,4,2,2,5,1,2,1,5,2,3,4.625,4.375,2.25,35,1,80,2.625
1,2,4,5,5,5,1,4,4,4,4,4,5,2,2,1,3,2,5,4,4,3,1,5,2,4,5,5,1,4,1,5,4.125,3.25,4.125,23,1,99,2.875
1,5,2,2,4,5,3,2,3,3,4,2,5,4,4,2,2,4,3,2,4,3,4,2,1,3,1,2,2,4,4,1,4.25,3.875,1.875,30,2,100,3.125
1,5,5,1,5,5,2,4,1,3,5,4,5,5,1,1,1,3,5,4,5,2,1,4,1,2,5,3,1,5,1,5,5.0,3.75,3.25,21,1,100,3.125
2,4,3,4,4,3,4,2,2,4,3,4,4,5,4,2,1,4,5,4,5,1,4,4,1,4,2,4,1,4,2,4,4.5,3.625,3.5,26,2,93,3.375
1,1,2,4,4,4,1,3,1,4,4,4,2,1,1,2,1,4,5,2,4,5,3,3,1,3,5,4,1,2,1,2,4.375,3.0,3.0,18,1,80,2.75
2,4,4,3,4,5,3,4,2,4,4,4,4,4,2,1,1,4,3,3,4,3,2,1,2,5,1,4,1,5,2,4,4.25,4.25,3.0,36,1,91,2.625
2,3,3,4,3,4,2,4,2,3,4,4,4,3,3,2,2,3,4,4,4,4,3,3,2,3,4,4,2,4,2,3,3.875,3.375,3.5,34,1,100,3.125
1,4,4,4,3,5,3,2,3,3,2,2,5,4,4,4,3,2,3,1,4,3,2,2,1,3,3,2,2,3,2,3,4.0,3.375,2.5,20,1,75,2.875
5,4,4,4,4,5,5,4,2,4,2,5,5,2,1,2,2,2,3,4,5,1,2,2,1,3,2,4,3,4,3,3,3.875,3.125,3.5,25,1,90,2.75
1,2,1,1,1,4,5,1,2,1,1,1,3,1,5,5,1,1,1,1,5,5,4,1,3,1,1,1,4,5,4,1,3.5,2.5,1.5,24,2,100,2.75
1,4,5,2,4,4,3,4,2,4,4,5,5,5,2,2,1,4,5,4,5,2,1,2,1,5,5,4,1,4,1,4,4.75,4.0,3.375,16,1,95,3.25
1,4,2,3,5,5,5,1,3,5,2,1,5,5,5,5,1,4,5,1,5,3,2,2,1,5,1,3,1,4,4,1,4.75,4.375,2.125,20,1,95,3.25
2,4,4,3,5,5,3,2,3,4,1,2,4,5,5,4,1,5,3,2,5,4,4,3,1,4,1,3,2,5,2,4,4.375,4.5,2.875,39,0,95,2.875
1,4,4,1,2,5,1,1,1,5,1,3,5,5,5,5,1,5,2,1,5,2,1,1,1,3,1,1,4,5,4,1,4.25,4.25,1.75,19,2,80,2.375
2,3,1,2,5,4,2,1,1,3,4,1,5,2,4,4,1,3,4,2,5,5,5,4,1,4,1,5,1,4,2,3,4.875,3.5,2.75,18,2,100,2.875
4,4,4,4,2,5,3,3,2,1,4,5,2,2,5,2,2,2,3,4,2,4,4,2,2,2,2,3,4,2,3,3,2.75,2.75,3.25,52,1,90,3.5
1,4,3,2,5,5,3,3,1,4,4,3,5,4,3,4,1,3,4,2,5,2,2,2,1,5,2,4,1,5,3,3,5.0,4.0,2.875,30,2,90,3.0
1,4,2,2,4,5,4,3,2,3,4,5,4,4,2,2,1,3,5,3,5,3,2,1,1,5,4,3,2,5,1,3,4.5,4.0,2.75,35,1,85,3.0
1,3,2,1,4,5,5,1,2,3,1,3,5,5,2,1,1,3,3,1,5,1,1,2,1,4,2,5,2,5,3,3,4.625,3.625,2.125,14,1,80,2.375
1,2,2,2,4,2,4,3,1,1,2,4,4,1,4,2,2,1,4,2,4,5,3,2,2,2,2,4,2,1,3,3,4.25,1.875,2.75,37,2,75,3.0
1,3,3,4,4,4,4,3,1,3,1,3,5,5,5,3,1,3,3,2,5,2,3,3,1,5,1,2,1,4,3,4,4.875,3.625,3.0,54,2,80,2.875
3,3,1,2,2,4,3,3,2,4,3,4,5,5,3,3,2,2,2,2,3,4,2,2,2,3,1,1,4,5,3,3,3.375,3.75,2.5,17,2,80,2.25
3,3,1,2,3,4,2,1,3,3,1,2,3,3,2,4,2,2,1,2,4,3,3,1,3,4,4,2,2,5,3,2,3.375,3.375,2.0,22,1,91,2.125
2,5,1,1,2,2,2,2,5,2,2,2,5,2,5,1,4,4,4,1,4,4,4,2,2,2,3,1,2,4,2,1,3.25,3.125,1.375,22,2,90,2.875
1,5,3,2,4,3,3,2,2,2,1,5,5,2,5,3,1,2,5,2,5,4,3,2,1,2,2,3,2,2,1,2,4.625,2.75,2.625,21,2,80,2.875
1,4,3,4,5,5,3,2,1,3,1,4,5,5,2,3,1,4,3,3,5,2,2,1,1,4,1,1,1,5,4,2,5.0,4.0,2.5,16,1,75,2.375
2,3,3,1,4,4,3,1,4,4,3,2,5,4,4,4,1,3,3,1,5,3,2,1,1,4,2,3,1,3,2,1,4.375,3.5,1.75,25,1,95,2.75
2,1,3,4,2,4,3,1,4,2,3,3,4,2,4,3,4,1,4,3,2,2,5,3,2,3,2,5,3,5,2,4,2.875,2.5,3.25,18,1,60,3.25
4,2,1,1,2,5,4,1,4,1,3,2,4,1,5,5,5,2,2,1,3,5,5,1,2,4,1,1,1,4,5,1,2.875,3.0,1.625,28,1,95,3.25
2,3,1,5,4,4,4,3,1,4,1,4,5,2,5,2,1,4,2,2,5,2,4,3,1,4,1,5,2,4,5,3,4.625,3.375,3.375,24,2,99,2.875
4,4,2,4,3,4,4,4,2,4,2,4,4,4,5,5,1,4,2,2,5,2,5,2,2,4,1,2,2,4,4,4,3.875,3.75,3.375,68,2,90,3.125
1,5,3,1,4,5,3,1,3,5,2,1,5,5,2,1,2,5,4,1,5,2,3,1,1,5,1,2,1,5,3,2,4.5,4.625,1.25,35,1,90,2.625
3,3,2,3,3,5,5,3,2,3,4,3,4,2,5,3,2,3,4,3,4,3,1,1,3,2,1,1,1,4,4,2,3.75,3.125,2.375,40,2,90,3.25
2,3,4,4,4,5,4,1,2,2,4,3,5,4,3,2,1,3,4,1,5,2,2,2,1,4,1,3,5,4,2,4,4.125,3.375,2.5,48,1,100,3.0
5,5,1,1,1,4,4,1,5,4,4,1,1,4,5,5,5,4,1,1,1,4,4,1,1,4,1,4,5,3,4,1,1.5,4.0,1.875,21,1,100,3.0
2,3,2,5,4,3,3,4,4,3,2,4,5,4,5,2,2,3,2,4,5,4,4,3,4,3,2,4,3,4,4,4,3.625,3.375,3.75,33,2,70,3.0
1,3,1,3,4,4,5,2,3,3,2,2,5,3,5,1,1,3,2,2,5,4,5,2,1,4,1,3,1,4,4,3,4.625,3.5,2.25,19,1,80,3.125
1,4,1,1,5,4,5,2,4,4,2,1,5,4,5,4,1,4,1,1,5,3,5,1,1,4,1,4,1,5,5,2,4.625,4.0,2.0,19,1,80,3.125
2,3,1,3,4,4,5,2,2,2,1,1,5,3,4,4,1,1,3,1,5,2,4,1,1,3,1,3,1,3,4,1,4.625,2.625,2.0,22,2,90,2.875
1,3,5,4,5,5,3,1,2,2,5,4,5,2,1,4,1,4,5,2,5,4,1,3,1,4,1,1,1,4,1,4,4.875,3.5,2.875,16,2,98,2.75
3,2,1,4,4,4,3,4,2,2,3,5,4,3,2,2,2,2,4,4,4,3,2,4,2,3,2,3,4,4,3,3,3.625,2.875,3.625,60,1,70,2.5
2,5,3,5,3,5,1,4,3,2,5,3,5,2,2,2,2,4,5,2,4,2,3,3,2,3,2,5,3,4,1,4,3.75,3.375,3.5,23,2,95,2.75
5,5,3,4,4,5,3,2,3,4,4,4,5,5,2,2,1,3,5,2,4,2,1,3,1,3,2,4,3,5,2,3,3.75,4.0,3.0,15,2,85,2.75
2,3,2,1,3,4,4,1,3,3,3,1,4,3,5,4,3,2,2,1,4,4,4,2,2,3,1,2,2,4,4,1,3.625,3.25,1.625,39,2,95,3.125
2,3,1,4,3,4,5,3,4,3,1,3,3,3,5,4,2,3,1,1,4,2,5,2,2,4,1,4,2,3,5,4,3.5,3.125,3.125,43,2,90,3.0
1,4,5,3,5,3,4,4,2,2,3,5,5,5,3,4,1,1,2,3,5,4,2,1,1,5,4,2,1,4,4,2,4.875,3.5,3.0,19,1,90,3.375
1,4,2,2,4,4,2,4,4,3,2,5,5,4,3,2,2,3,4,4,5,2,1,2,1,5,2,3,2,4,2,2,4.25,3.625,3.0,17,1,98,2.25
2,2,3,3,2,4,4,1,2,2,2,2,5,3,2,5,3,2,3,1,3,3,1,3,1,2,2,1,3,4,3,3,3.625,2.75,2.375,19,2,80,2.5
2,3,4,3,4,3,4,4,3,2,2,2,5,4,3,3,2,2,1,1,5,2,2,2,1,4,2,3,2,4,3,3,4.25,3.0,2.625,41,1,70,2.625
2,2,4,5,3,5,2,5,3,2,3,5,4,2,2,2,3,2,5,5,4,5,2,4,2,2,5,5,2,2,2,5,3.625,2.75,4.5,22,1,90,3.125
1,3,3,2,3,4,4,2,2,3,3,4,5,3,3,3,1,3,2,1,5,3,4,2,1,4,2,4,2,3,3,2,4.5,3.25,2.5,40,1,80,3.0
1,4,3,2,4,2,4,1,1,3,1,5,5,4,4,2,2,3,3,1,4,2,5,4,2,4,1,1,2,4,5,3,4.375,3.25,2.375,52,2,90,3.25
1,3,1,3,5,5,5,1,1,3,2,1,4,3,5,5,2,3,2,1,4,4,3,1,1,3,1,1,1,5,4,1,4.625,3.625,1.75,27,2,95,2.875
2,3,2,4,4,4,3,3,2,5,3,4,5,3,4,4,2,4,4,2,5,3,4,3,1,4,1,4,1,4,3,4,4.5,3.75,3.5,32,1,85,3.0
1,4,2,2,3,5,5,3,2,3,2,2,5,5,5,4,1,4,4,2,5,1,3,1,1,5,1,1,3,5,4,2,4.375,4.0,2.125,22,2,90,3.25
4,4,1,1,2,4,5,1,4,5,1,2,5,3,5,3,2,4,1,1,4,3,3,3,2,4,1,1,2,4,4,3,3.375,3.875,1.875,21,2,90,2.625
2,3,1,3,4,4,1,4,2,3,2,4,5,3,5,2,2,3,2,4,5,2,5,3,1,4,1,3,1,5,2,2,4.5,3.375,3.125,27,3,72,2.375
1,3,3,4,4,5,1,1,2,3,2,2,5,4,1,4,1,2,3,1,5,3,4,2,1,3,4,4,1,5,1,1,4.75,3.5,2.375,18,1,100,2.375
1,5,4,5,5,5,1,5,1,1,4,4,5,5,1,1,1,1,5,1,5,4,1,1,1,4,5,2,1,5,1,5,5.0,3.75,3.0,49,1,95,2.75
1,4,3,2,4,4,4,2,3,4,2,3,5,4,3,4,1,3,4,1,5,2,2,2,1,4,3,3,2,4,2,3,4.5,3.625,2.5,41,1,99,2.875
2,3,4,1,4,5,4,2,4,2,1,3,5,2,3,3,2,2,2,2,5,2,2,1,1,2,3,1,1,5,5,2,4.25,2.875,1.875,27,1,80,3.0
3,4,3,2,2,4,3,1,3,2,2,2,2,2,5,4,3,3,1,1,4,2,2,2,3,2,1,1,3,5,3,1,2.875,3.0,1.75,30,2,80,2.5
2,5,2,3,5,5,5,3,1,3,1,3,5,5,5,2,1,2,2,1,5,4,2,1,1,5,1,3,1,5,5,1,4.875,4.25,2.125,53,2,90,2.875
1,2,3,2,4,4,4,4,2,3,4,3,5,4,5,4,1,3,4,1,4,1,3,2,1,2,1,3,2,3,4,3,4.5,2.75,2.75,23,1,89,3.5
1,4,1,3,4,4,5,3,2,3,2,3,5,2,5,2,1,3,2,2,5,1,5,4,1,3,1,3,1,5,3,4,4.75,3.125,3.0,53,2,95,3.0
2,3,4,4,4,5,3,3,3,1,4,3,4,3,2,1,1,3,5,4,4,3,2,4,1,2,4,5,3,5,1,4,4.0,3.125,3.5,21,2,100,3.125
2,4,3,2,3,4,4,2,3,4,2,2,4,3,3,3,3,3,2,2,4,1,2,2,2,3,2,2,3,4,4,3,3.5,3.25,2.25,26,2,90,2.75
1,5,3,5,4,5,1,5,1,5,4,5,5,5,3,5,1,5,4,5,5,1,3,1,1,5,1,5,1,5,1,5,4.875,4.5,4.5,38,1,100,2.5
1,5,4,4,4,5,3,4,1,4,2,4,5,3,3,2,1,4,5,4,5,3,3,2,1,4,2,4,1,4,4,4,4.875,4.0,3.5,26,1,100,3.25
1,5,4,5,5,5,3,2,1,5,5,3,5,5,1,1,1,5,5,2,5,2,2,3,5,5,2,5,1,5,1,2,4.5,4.625,2.875,25,1,99,2.875
1,5,2,4,5,5,4,2,1,5,2,4,5,4,5,4,1,1,3,1,5,2,4,3,1,4,1,3,1,5,4,4,5.0,3.875,3.125,34,1,85,3.125
2,2,4,4,4,4,2,4,2,4,4,4,4,4,5,2,2,2,4,3,3,2,3,4,2,4,3,4,4,4,2,4,3.625,3.25,3.625,21,2,88,3.375
3,2,4,2,1,4,3,2,1,1,1,1,4,1,5,5,4,3,2,1,5,2,1,5,1,4,2,2,5,1,1,1,3.25,2.25,2.375,19,2,80,2.375
4,5,3,3,4,5,2,4,5,3,2,5,5,1,3,3,5,3,5,2,5,5,3,4,1,4,2,5,5,4,1,2,3.0,3.75,3.5,20,3,90,2.625
2,4,2,2,4,5,4,1,3,2,1,4,4,5,5,1,4,2,1,1,4,1,5,1,2,5,1,1,2,5,5,1,3.625,3.625,1.5,53,2,80,3.0
1,4,2,2,4,5,5,2,2,4,2,3,5,4,5,5,1,4,4,1,5,2,3,1,1,5,1,4,1,5,2,2,4.75,4.125,2.5,54,1,95,3.0
2,3,4,3,5,2,3,2,3,3,2,3,5,4,4,3,1,2,3,2,5,3,2,2,2,4,2,3,2,4,4,2,4.375,3.125,2.5,32,1,85,3.0
2,4,4,4,4,4,3,3,3,4,2,3,4,3,3,2,2,3,4,3,5,3,3,2,2,4,2,4,3,4,3,4,3.875,3.625,3.125,15,1,80,3.0
1,3,5,4,5,3,1,3,1,3,2,4,5,1,3,1,1,3,3,2,5,2,2,5,1,5,1,4,2,1,2,5,4.875,2.625,3.5,19,1,90,2.375
1,3,2,2,3,4,5,2,5,4,2,2,5,4,4,4,2,4,2,2,5,2,3,2,1,4,3,4,2,3,3,2,4.0,3.5,2.5,18,2,80,3.0
2,2,2,4,3,3,5,2,2,4,4,4,4,3,5,2,2,2,1,2,4,4,3,4,1,3,1,1,4,3,4,2,3.75,3.0,2.625,51,2,90,3.125
1,3,4,4,4,5,2,4,2,3,4,3,4,2,2,2,2,3,4,2,5,3,2,3,2,4,4,5,3,4,1,3,4.125,3.375,3.25,41,1,100,2.875
1,4,3,3,5,5,3,3,1,3,3,3,5,5,2,3,1,4,5,3,5,2,2,2,1,5,4,2,5,5,3,2,4.5,4.125,2.625,43,2,80,3.125
1,4,4,4,4,5,3,4,2,2,2,4,5,3,4,2,1,2,5,3,5,4,1,3,1,3,2,5,2,3,2,4,4.625,3.25,3.625,23,2,95,2.875
2,3,3,3,4,5,4,2,3,2,3,3,5,4,4,4,1,3,4,1,5,1,3,2,1,3,2,3,2,5,3,3,4.375,3.25,2.625,44,1,75,3.25
2,4,3,3,4,5,4,3,2,3,3,2,4,3,3,3,1,2,4,3,5,2,3,2,2,4,1,2,1,3,4,3,4.375,3.25,2.625,27,1,90,3.125
2,4,4,2,3,4,3,2,2,3,4,2,4,5,3,4,2,4,4,2,4,4,3,2,2,4,4,3,2,4,3,2,3.875,4.0,2.375,17,1,100,3.5
2,1,5,1,3,4,1,2,2,1,2,4,5,2,5,3,1,2,4,2,5,5,3,1,1,1,5,2,1,2,2,1,4.5,2.25,2.0,16,1,90,3.375
2,4,2,2,4,3,2,3,2,3,4,3,4,4,2,2,2,3,4,2,4,1,4,1,1,3,1,4,2,2,1,3,4.125,2.875,2.5,17,2,80,2.5
1,3,5,3,3,4,3,2,5,3,4,3,5,4,3,3,2,4,5,2,5,3,1,3,1,4,3,5,4,4,1,4,3.75,3.625,3.125,17,2,90,3.125
3,3,1,1,3,5,5,1,3,1,1,1,5,1,5,5,1,5,1,1,5,5,5,1,1,1,1,1,3,5,5,1,4.0,3.25,1.5,25,1,90,3.0
3,1,4,3,3,4,3,4,1,1,1,3,5,3,4,2,2,1,1,2,4,5,2,1,1,3,3,5,2,2,4,4,4.125,2.5,3.0,27,1,100,2.75
5,1,1,1,3,3,5,1,3,1,1,1,1,1,5,3,5,1,3,1,4,5,5,3,5,1,1,1,5,3,5,3,1.875,2.0,1.75,64,1,95,3.25
2,3,5,3,4,5,1,3,2,3,4,4,5,3,1,2,2,2,1,3,3,4,2,3,1,4,1,4,1,4,1,3,4.25,3.5,3.125,23,1,80,2.0
1,4,2,2,4,4,5,1,3,4,1,3,5,4,4,1,2,3,3,1,4,2,1,1,1,4,1,3,4,4,3,3,4.0,3.625,1.875,64,1,90,2.5
2,3,1,1,4,5,1,1,5,3,2,2,5,3,5,5,2,3,3,1,5,3,5,1,1,5,1,3,2,5,5,1,4.0,3.75,1.875,38,2,90,2.875
2,5,4,1,4,5,2,1,2,5,4,1,5,3,5,3,1,3,5,1,5,1,3,1,1,5,1,4,1,5,2,2,4.625,4.0,1.75,29,2,100,3.25
3,2,1,3,4,5,3,2,5,1,3,5,5,3,5,3,4,3,3,1,5,1,4,4,3,4,1,5,4,3,3,5,3.125,2.75,3.5,21,1,85,2.875
1,5,4,3,3,4,3,3,3,3,4,5,5,5,2,5,1,5,3,3,5,4,3,4,1,4,2,2,3,5,3,4,4.25,4.375,3.625,16,1,90,3.0
3,2,2,3,4,5,3,2,5,1,2,4,5,3,4,2,3,2,4,1,4,3,3,1,1,1,1,1,3,3,1,1,3.5,2.5,1.875,16,1,91,2.5
1,5,2,3,4,5,5,3,2,3,2,3,5,4,5,4,4,4,2,3,5,3,4,1,1,4,1,3,3,5,5,3,4.125,4.125,2.875,58,2,95,3.25
4,5,5,2,3,5,4,2,3,5,4,4,4,3,3,5,2,3,4,3,4,1,2,1,2,5,1,3,5,5,4,2,3.125,4.0,2.75,19,1,90,3.375
2,2,1,2,2,2,5,2,4,3,2,3,2,2,5,4,4,2,2,1,4,4,4,1,2,4,1,1,4,3,4,3,2.75,2.75,2.125,31,2,75,3.0
1,4,4,3,4,5,3,3,3,3,2,3,5,4,2,2,1,2,4,3,5,3,3,2,1,4,2,3,2,4,1,2,4.5,3.625,2.625,27,1,80,2.625
1,4,4,4,4,5,4,2,3,4,1,5,5,5,5,5,2,4,4,1,5,1,3,3,1,5,1,3,1,5,5,5,4.5,4.125,3.5,40,2,100,3.375
1,3,4,3,4,4,3,2,2,2,4,3,5,5,1,3,3,1,4,1,5,4,2,3,1,5,3,4,1,3,1,4,4.5,3.375,2.875,18,1,79,2.75
4,3,2,2,5,3,2,2,3,2,4,2,4,4,1,3,2,2,2,2,4,2,4,2,2,3,2,2,4,4,1,3,3.5,2.875,2.25,24,1,80,2.25
1,2,3,1,5,5,5,4,5,3,3,2,5,4,5,2,1,3,4,2,5,3,2,3,1,5,4,2,1,5,2,4,4.5,3.75,2.5,23,1,100,3.5
2,5,4,2,3,5,2,1,2,3,2,4,5,4,5,4,1,3,2,1,5,3,3,2,3,3,1,5,2,2,4,2,4.125,3.5,2.625,16,2,85,2.875
4,3,3,2,2,4,2,2,4,2,3,2,3,2,3,4,3,3,2,2,4,4,3,2,3,4,1,2,4,4,3,2,2.625,3.25,2.25,20,1,90,2.5
1,2,3,3,5,5,3,1,1,2,1,2,1,1,4,2,5,3,1,1,1,3,3,3,1,5,1,3,2,1,3,2,3.375,2.75,2.125,24,2,98,2.375
2,3,2,3,4,5,4,2,5,1,2,3,4,2,4,4,1,1,3,2,5,4,1,2,2,3,2,1,3,5,4,3,3.75,3.0,2.5,28,1,90,2.75
1,4,2,2,5,4,3,1,2,2,4,1,5,3,4,5,1,1,4,1,5,3,4,1,1,4,2,1,1,3,1,1,4.875,3.0,1.625,16,2,90,3.0
2,3,4,3,2,4,4,2,3,1,1,4,5,2,3,2,2,2,2,2,4,4,4,3,1,1,4,4,4,2,5,5,3.625,2.375,3.125,20,1,85,3.375
4,5,3,4,4,5,2,2,1,4,3,4,5,5,3,3,1,4,4,3,5,1,2,2,1,5,1,4,2,3,4,3,4.375,4.0,3.125,19,2,80,2.75
1,2,3,2,4,5,3,2,5,1,4,3,4,4,2,3,2,1,4,2,5,4,2,2,2,5,3,4,1,4,2,2,4.0,3.25,2.5,22,1,85,2.875
4,3,1,2,4,4,5,1,2,2,2,3,4,3,2,4,2,2,1,1,4,2,5,1,2,4,4,5,2,3,4,1,3.75,2.875,2.25,18,2,80,3.0
2,4,3,3,3,3,3,3,2,2,2,3,4,2,3,3,2,2,3,2,4,3,2,3,2,2,3,2,3,2,3,3,3.75,2.5,2.75,27,2,90,2.75
3,2,1,3,3,4,3,4,4,4,2,4,3,3,5,2,2,2,1,3,4,5,5,2,1,5,1,3,5,5,5,4,3.125,3.75,3.125,31,2,95,2.875
2,2,4,3,4,5,4,2,5,4,5,3,5,5,2,3,2,3,4,2,5,4,1,3,1,5,2,4,1,3,2,4,4.125,3.875,3.0,17,1,80,3.0
2,3,3,2,3,4,5,2,2,2,1,2,5,4,5,5,3,3,2,2,4,3,2,2,1,4,1,2,3,5,3,2,3.875,3.5,2.375,25,2,90,2.75
4,3,4,3,2,2,1,2,3,1,2,3,4,1,4,4,3,1,3,1,4,4,2,3,3,3,2,2,4,3,2,3,2.875,2.25,2.625,34,1,85,2.5
2,3,4,2,4,4,3,4,3,3,4,2,4,4,3,2,2,2,3,2,4,3,3,2,2,3,4,4,2,4,3,2,3.875,3.25,2.5,18,1,99,3.375
2,4,4,2,4,5,2,2,1,4,4,4,5,4,3,2,1,3,4,2,5,2,3,3,1,5,2,2,2,4,1,4,4.625,3.875,2.625,27,1,100,2.875
2,3,3,2,4,4,2,2,2,4,3,3,4,4,2,4,2,4,4,2,3,2,2,1,1,4,3,3,3,4,2,3,3.875,3.625,2.5,34,1,60,2.625
3,2,2,2,2,4,4,3,2,1,1,2,5,2,5,3,3,1,2,2,4,3,2,1,2,1,1,3,3,3,3,2,3.5,2.125,2.25,19,2,65,2.5
5,3,3,2,4,5,3,3,3,3,5,2,5,5,2,3,1,2,3,2,4,3,2,2,1,3,3,3,1,5,2,3,4.0,3.625,2.5,30,1,60,2.875
3,3,1,3,3,1,3,1,4,4,4,1,5,1,3,5,2,2,3,1,5,4,4,4,2,2,1,4,2,5,3,3,3.75,2.75,2.75,30,1,100,2.75
2,2,2,2,3,4,4,3,2,4,3,4,4,5,4,2,3,2,2,2,4,4,2,1,2,4,1,3,3,5,4,2,3.625,3.75,2.375,29,2,75,2.75
4,4,4,3,4,5,3,2,4,4,4,3,4,4,4,4,4,4,3,2,4,4,3,2,2,4,2,4,2,4,3,4,3.25,4.125,3.0,21,1,60,3.25
2,3,4,3,4,5,4,2,1,3,1,4,5,2,4,3,1,2,3,1,5,5,4,2,2,3,1,2,1,5,2,3,4.625,3.5,2.5,20,2,56,2.875
2,3,2,2,3,3,4,1,2,2,2,3,5,3,4,4,1,1,2,1,5,3,1,2,2,3,1,1,3,2,4,2,4.125,2.5,2.0,25,2,80,2.5
1,4,5,4,4,5,3,5,5,5,2,5,5,4,5,3,2,3,1,1,5,1,5,5,1,5,1,5,5,5,5,5,3.75,4.0,4.125,21,2,70,3.375
1,2,2,5,4,4,2,3,1,1,2,4,4,2,2,3,1,1,4,4,4,4,4,4,2,2,2,1,1,2,1,2,4.5,2.25,3.25,32,1,90,2.375
3,1,1,1,3,4,3,1,5,2,1,3,3,2,3,5,4,1,1,1,2,5,5,1,4,1,1,1,5,3,3,1,2.125,2.375,1.75,23,1,100,2.25
1,2,4,3,4,5,4,4,1,2,1,3,5,3,4,3,1,2,4,2,5,4,3,1,1,5,1,2,1,4,2,1,4.875,3.375,2.375,27,1,66,2.875
1,3,1,1,1,1,5,3,4,4,4,4,4,5,5,5,1,2,4,4,5,1,5,4,4,4,4,4,4,1,1,5,3.25,2.625,3.75,44,1,100,3.625
1,4,3,3,4,5,4,3,4,3,2,3,5,4,4,3,2,3,5,2,4,4,3,3,2,4,1,3,3,4,2,3,3.875,3.875,2.875,23,1,80,3.0
2,3,4,4,3,3,2,3,3,2,2,4,4,3,3,2,2,2,2,4,4,3,2,3,2,3,3,3,5,3,4,3,3.375,2.75,3.25,19,2,80,2.75
1,3,4,4,3,5,5,3,1,2,2,4,5,3,5,2,1,2,4,3,5,5,3,3,1,3,3,5,2,3,5,4,4.625,3.25,3.5,18,1,100,3.875
2,4,3,3,3,4,3,3,2,3,2,3,4,4,4,3,2,3,2,2,4,2,3,2,1,3,2,3,2,4,2,3,4.0,3.375,2.75,26,1,75,2.625
2,3,4,4,3,4,3,2,3,2,3,3,4,3,2,4,3,2,4,2,3,3,1,2,2,4,4,3,3,4,2,3,3.375,3.125,2.875,48,1,80,2.875
2,2,4,3,2,5,3,4,4,2,2,4,4,2,4,2,2,2,4,4,4,3,5,2,2,4,1,4,2,4,4,3,3.5,3.0,3.25,46,1,92,3.375
3,3,3,3,3,4,4,4,4,3,3,4,4,3,4,2,4,3,2,3,4,4,3,3,2,5,2,4,5,5,4,4,2.875,3.75,3.375,38,1,85,3.125
1,3,4,2,3,5,3,3,2,3,2,4,5,4,3,3,1,2,3,2,5,3,2,1,1,5,2,4,3,5,1,3,4.375,3.75,2.75,242,1,100,2.5
2,4,4,2,3,4,4,4,4,4,4,4,4,4,2,4,3,5,4,2,5,4,3,4,2,4,4,4,4,5,4,4,3.375,4.25,3.5,18,2,90,3.625
1,5,5,3,5,5,4,2,2,4,4,1,5,4,1,3,1,3,4,1,5,1,2,1,1,4,4,4,1,4,3,5,4.875,3.75,2.5,18,1,96,3.375
2,1,4,2,3,1,4,2,2,2,3,3,5,3,2,4,1,2,4,2,5,5,3,2,1,2,2,2,3,2,3,3,4.25,2.25,2.5,26,2,75,3.125
2,4,4,5,3,5,4,4,3,4,4,4,5,4,3,2,2,2,3,3,5,2,1,3,1,4,1,4,3,5,2,4,4.0,3.75,3.625,22,1,88,2.75
5,4,3,1,2,3,2,1,2,1,3,2,5,3,2,1,2,1,5,1,4,5,3,1,1,2,1,4,2,4,1,1,3.625,2.875,1.5,53,2,85,2.5
1,5,1,2,2,5,5,2,5,5,1,2,5,5,5,4,1,5,1,1,3,1,5,1,1,5,1,1,4,5,5,1,3.5,4.5,1.75,28,2,87,3.0
3,3,3,3,4,5,2,3,5,2,4,2,5,3,4,4,5,1,3,1,3,5,3,2,1,5,3,2,3,5,4,2,3.125,3.625,2.375,24,1,90,3.25
2,3,3,4,4,4,3,3,2,2,4,4,4,4,2,2,1,2,4,3,5,4,2,1,1,4,2,4,1,3,1,3,4.5,3.25,3.0,28,1,90,2.625
2,3,4,3,5,5,4,3,3,2,4,4,5,3,5,3,1,2,4,3,5,3,4,2,1,5,1,4,1,3,5,3,4.625,3.25,3.125,20,1,80,3.875
2,5,4,3,4,5,3,4,2,4,4,5,4,4,4,2,1,4,5,4,5,1,3,4,1,5,3,5,1,5,1,4,4.5,4.125,3.875,151,1,91,3.375
4,4,4,2,3,3,3,3,3,2,3,3,3,4,2,3,3,2,3,3,4,2,3,2,3,4,3,3,4,5,2,3,2.875,3.25,2.75,22,1,65,2.875
2,5,3,2,3,5,4,2,5,4,5,1,5,4,3,4,1,4,2,1,5,4,4,4,1,4,1,2,2,5,5,4,4.0,4.375,2.5,18,1,100,3.375
1,4,4,4,4,4,3,4,1,4,2,5,5,5,2,2,1,3,4,2,5,2,2,2,1,4,2,4,1,4,1,3,4.875,3.75,3.25,19,1,90,2.5
1,5,2,2,4,5,4,4,2,4,2,4,5,5,4,4,1,4,4,2,5,2,1,3,1,5,2,4,1,5,5,4,4.75,4.375,3.375,28,1,85,3.0
5,3,3,1,2,5,3,1,5,4,4,1,3,5,5,5,5,3,3,1,3,4,4,1,2,4,1,1,4,4,4,1,2.125,4.0,1.5,54,2,100,3.375
3,2,3,1,4,4,4,2,3,2,3,2,4,2,2,4,4,2,5,2,5,4,2,2,2,2,4,3,2,2,3,2,3.625,2.5,2.25,23,2,65,3.25
1,4,5,3,3,5,2,3,3,5,4,3,5,4,2,2,1,3,5,3,5,3,2,2,1,4,1,2,2,3,1,2,4.375,3.875,2.5,36,2,85,2.75
4,2,2,1,4,2,4,3,5,1,5,1,3,2,4,3,2,1,1,1,2,3,4,1,3,2,1,4,2,4,5,1,2.875,2.125,1.875,17,1,95,3.25
1,4,1,2,5,5,4,2,2,2,1,2,5,3,4,4,1,2,3,2,5,2,3,3,2,3,1,2,2,3,4,2,4.625,3.0,2.375,22,2,90,2.625
4,2,4,4,2,4,2,3,4,3,3,3,2,2,3,3,3,3,3,3,3,4,3,3,3,3,3,3,3,3,3,3,2.5,3.0,3.125,25,1,85,3.0
1,3,4,3,5,5,4,3,1,3,5,3,5,3,1,2,1,3,4,2,4,5,1,1,1,3,2,1,1,5,1,4,4.875,3.75,2.375,27,1,100,2.75
4,1,1,3,2,5,4,1,5,1,4,1,5,1,5,5,5,1,1,1,2,5,5,1,2,1,2,1,2,3,2,1,2.625,2.25,1.75,17,2,95,3.0
3,3,4,5,4,5,2,5,2,4,3,5,5,3,2,1,1,4,4,5,5,3,2,3,1,4,2,4,2,4,2,4,4.375,3.75,4.0,32,1,35,2.625
3,4,4,3,2,4,5,2,3,5,3,3,4,4,5,4,3,4,2,1,3,2,1,2,2,5,2,3,3,5,4,3,3.125,4.125,2.625,16,2,80,3.25
3,4,3,2,1,2,2,3,3,2,2,3,4,3,3,3,4,4,3,3,4,3,2,3,2,3,3,3,5,2,2,3,2.75,2.875,2.875,22,2,88,2.5
1,3,5,4,5,4,1,4,1,3,3,4,4,2,2,3,1,3,4,4,5,2,2,2,2,3,4,4,2,3,1,5,4.625,2.875,3.75,25,2,89,2.75
3,4,4,5,2,5,3,4,3,4,3,4,4,2,4,4,3,1,2,2,5,5,4,3,3,4,4,5,5,2,3,2,3.0,3.375,3.625,17,2,70,3.375
3,5,5,3,4,3,2,5,3,4,3,2,5,3,5,4,3,2,1,1,5,5,5,4,1,3,5,5,3,1,5,5,3.875,3.25,3.625,24,2,99,3.875
2,5,5,1,4,3,5,1,2,3,1,4,5,3,4,4,1,2,3,1,4,5,3,2,1,3,1,4,2,4,4,2,4.375,3.5,2.375,22,2,80,3.25
1,2,4,4,5,5,2,2,1,2,4,3,5,2,3,2,1,1,5,1,5,3,3,1,1,3,5,4,1,5,2,3,5.0,2.875,2.5,17,2,100,3.5
1,5,2,5,5,5,5,5,2,3,3,2,5,5,2,2,1,4,5,3,5,4,4,2,1,5,5,5,1,3,3,5,4.875,4.25,3.625,18,2,95,3.625
2,4,4,1,4,5,2,2,1,4,3,3,5,4,2,3,2,4,3,2,5,2,2,2,1,5,1,4,3,4,2,3,4.375,4.0,2.5,23,2,70,2.375
3,4,3,3,3,4,2,2,4,3,2,3,4,3,4,3,3,3,3,2,4,3,3,3,2,4,2,3,3,3,4,3,3.25,3.375,2.75,23,2,90,2.875
3,4,4,2,3,4,2,2,2,4,1,3,4,3,2,4,3,2,3,2,4,4,2,3,2,4,5,4,3,4,1,3,3.5,3.625,2.875,17,1,93,2.5
2,2,4,5,5,4,3,4,2,3,4,5,5,3,3,3,2,3,5,4,4,4,4,5,2,5,1,4,2,5,3,5,4.25,3.625,4.375,17,2,80,3.375
2,5,4,3,4,5,4,2,1,4,3,5,5,5,3,3,1,5,4,3,5,2,3,2,1,5,4,5,2,5,3,4,4.625,4.5,3.375,16,2,69,3.5
1,4,2,2,4,5,5,2,3,4,4,3,5,5,4,3,1,4,3,1,5,1,3,1,1,5,4,3,1,5,3,3,4.625,4.125,2.25,26,1,80,3.5
3,5,5,3,3,4,3,2,3,4,4,3,4,4,5,2,3,4,3,3,3,2,3,5,3,3,4,3,3,3,2,3,3.125,3.625,3.0,18,2,95,3.625
2,4,3,2,4,3,5,1,1,3,2,3,5,3,4,2,2,3,1,1,5,3,3,3,1,3,2,3,2,3,4,3,4.5,3.125,2.25,25,2,100,3.0
2,3,4,4,4,3,1,3,3,3,4,4,4,2,3,2,2,3,3,3,4,3,2,3,1,3,4,3,2,3,2,3,4.0,2.875,3.125,26,1,80,2.875
2,1,4,1,4,4,3,3,3,1,5,2,4,1,1,4,1,1,3,2,5,3,1,1,2,2,5,5,3,4,1,3,4.0,2.125,2.625,18,2,80,2.875
1,3,4,2,4,5,3,4,5,2,2,4,5,1,3,2,1,1,3,3,5,5,2,1,1,3,4,5,3,4,1,4,4.125,3.0,3.125,20,1,90,2.75
3,3,3,4,3,5,3,4,2,3,4,3,4,2,2,2,2,2,4,2,4,2,2,3,1,2,2,3,4,5,2,4,3.625,3.0,3.125,16,2,70,2.75
2,4,4,4,3,5,3,3,3,4,4,3,5,5,3,3,1,3,5,2,5,3,2,3,1,4,3,5,2,5,1,3,4.25,4.125,3.25,22,2,90,3.125
1,5,3,3,5,4,3,2,2,4,1,3,5,4,5,2,1,4,3,2,5,2,4,3,1,4,1,3,2,5,3,3,4.75,4.0,2.625,55,2,95,2.875
2,3,5,2,5,5,3,4,2,1,5,5,5,4,5,3,1,1,2,4,5,5,1,2,1,1,1,5,1,4,2,1,4.75,3.0,3.25,19,2,90,3.0
1,5,3,3,3,5,5,4,2,5,1,4,5,5,4,2,1,5,4,3,5,2,4,3,1,4,3,3,3,5,5,3,4.375,4.5,3.125,21,2,100,3.625
2,5,4,2,4,4,3,2,2,4,4,3,4,5,2,3,1,3,5,2,5,2,2,2,2,5,3,4,1,3,3,3,4.375,3.875,2.625,48,1,100,3.25
1,4,2,5,2,5,3,4,2,5,4,5,5,5,5,1,1,5,5,5,5,3,4,2,2,4,2,5,1,5,4,5,4.375,4.5,4.0,17,1,95,3.625
2,3,3,2,4,3,4,4,4,4,2,3,4,4,5,4,2,3,2,1,4,4,3,2,4,4,1,4,4,2,4,2,3.25,3.375,2.75,67,1,80,3.0
1,3,2,1,4,5,4,4,1,5,1,4,5,1,5,5,1,5,1,1,5,4,1,4,1,5,1,5,1,5,5,1,4.875,4.125,3.125,24,2,96,2.5
2,3,1,2,3,5,4,1,2,3,2,2,4,3,5,4,3,3,2,1,3,2,3,2,2,5,1,2,4,5,4,4,3.375,3.625,2.25,35,2,100,2.75
4,3,3,2,1,3,1,1,5,1,5,1,5,3,1,5,5,2,4,1,1,4,3,3,5,1,4,1,1,5,1,1,2.125,2.75,1.875,20,1,100,2.75
2,3,2,2,5,4,5,3,2,4,3,3,5,5,3,4,1,4,3,2,5,3,3,2,1,5,4,3,3,5,3,1,4.5,4.125,2.5,64,2,92,3.25
3,2,1,1,3,2,4,1,5,3,2,1,3,2,5,5,3,3,2,1,4,4,3,1,2,3,1,2,5,2,5,1,2.75,2.625,1.625,22,2,85,2.875
1,3,1,2,4,3,4,1,2,1,1,4,5,1,5,5,3,1,1,1,5,5,2,1,1,5,4,5,2,3,5,3,4.375,2.75,2.75,40,1,100,2.875
5,4,4,1,4,4,3,1,5,2,1,1,2,4,5,5,2,2,2,1,4,2,2,1,4,2,3,1,1,5,3,1,2.875,3.125,1.5,22,2,90,2.875
3,2,4,2,3,3,4,2,4,2,2,2,3,2,2,4,2,2,2,2,5,3,2,2,2,2,2,2,2,2,2,2,3.5,2.25,2.25,17,2,70,2.5
2,4,1,1,3,5,5,2,3,4,1,3,4,4,5,2,3,4,1,2,3,3,1,1,3,5,2,4,5,5,5,2,3.0,4.25,2.125,42,2,98,2.625
2,3,3,2,3,5,4,2,3,2,4,2,5,4,3,3,3,2,1,2,5,3,4,2,1,3,2,3,1,5,4,4,4.125,3.375,2.5,22,2,90,3.125
1,5,4,3,4,4,1,1,1,4,4,4,5,5,2,1,1,4,4,1,5,3,2,1,1,4,1,3,4,5,1,4,4.5,4.25,2.25,29,2,100,2.375
2,3,4,2,3,5,2,2,2,2,1,2,4,3,1,4,1,3,4,2,5,5,2,2,2,3,2,4,4,4,4,3,3.875,3.5,2.625,32,1,80,2.5
3,5,5,5,3,5,2,3,4,3,5,3,5,5,2,2,2,4,4,3,4,1,2,3,1,5,1,4,2,4,1,4,3.75,4.0,3.375,23,1,100,2.75
2,5,3,1,4,5,2,1,3,4,2,1,5,3,4,4,1,3,3,1,4,1,3,2,1,5,3,5,1,5,3,2,4.375,3.875,2.125,40,1,100,2.875
2,3,2,1,4,4,4,1,2,1,2,3,4,5,2,5,2,5,3,1,4,4,4,1,5,4,4,5,4,4,5,1,3.375,3.75,2.25,20,2,100,3.25
3,3,3,4,4,3,1,1,4,2,3,5,4,1,3,1,2,2,5,5,4,3,2,4,2,2,2,5,2,2,1,4,3.625,2.25,3.625,19,2,60,2.5
2,3,4,1,4,4,3,1,4,3,2,3,4,4,3,4,1,3,3,2,5,3,5,2,1,4,1,3,2,4,4,1,4.125,3.5,2.125,22,1,100,3.125
1,4,3,2,4,4,4,2,3,4,2,3,5,4,4,3,2,4,3,2,4,2,1,1,1,4,2,4,1,4,2,3,4.375,3.75,2.5,22,1,100,2.625
1,4,3,3,3,4,4,5,5,5,4,1,4,5,5,1,5,3,5,2,4,3,3,4,1,5,1,1,2,5,3,3,3.375,4.25,2.5,24,1,100,3.5
1,3,2,4,5,5,4,4,1,3,1,5,5,5,2,1,1,3,5,4,5,1,3,2,1,4,4,3,1,5,2,4,5.0,3.625,3.375,50,1,100,2.875
2,4,2,2,3,4,4,4,2,4,4,3,5,4,5,2,2,3,3,2,5,4,5,3,2,5,2,2,4,4,5,5,3.875,4.0,2.875,49,2,98,3.75
4,4,3,3,3,4,3,1,3,4,4,2,5,4,5,3,4,4,4,2,4,3,3,3,1,5,4,5,2,5,4,4,3.5,4.125,2.875,26,2,70,3.75
4,4,3,1,3,5,4,1,4,2,4,4,5,2,5,4,4,4,1,1,3,3,1,1,1,2,1,4,4,5,4,1,3.0,3.375,2.125,31,1,85,2.875
1,3,4,3,4,5,3,4,2,1,3,3,5,3,3,2,1,2,3,3,5,3,3,2,1,2,5,5,2,4,1,4,4.625,2.875,3.25,23,2,80,3.125
4,2,3,2,1,3,4,2,3,4,2,2,3,4,5,5,4,2,1,2,3,3,4,2,3,2,4,2,4,5,4,1,2.375,3.125,2.25,15,1,95,3.375
2,4,4,3,3,5,3,4,2,4,4,3,5,4,3,3,2,5,5,3,4,2,2,2,1,4,3,4,1,4,1,4,4.25,4.0,3.25,27,1,90,3.125
2,3,3,4,4,5,2,1,2,3,4,1,5,2,2,4,1,2,4,1,5,4,2,1,1,3,2,3,1,5,2,1,4.625,3.375,2.0,22,1,100,2.625
3,4,5,5,3,2,4,4,2,3,2,4,5,3,4,2,2,3,2,3,5,2,1,3,1,3,2,5,3,2,2,4,4.0,2.75,3.75,14,1,96,2.75
1,3,3,4,3,3,4,4,4,3,4,1,5,3,2,4,1,3,4,4,5,4,1,2,1,3,2,4,2,2,2,3,4.25,3.0,3.25,28,1,85,2.75
2,2,1,4,3,5,4,1,5,3,2,5,4,2,5,4,3,1,1,1,5,3,4,5,2,4,1,4,3,3,4,1,3.375,2.875,3.125,30,1,80,2.75
1,4,4,3,5,5,4,2,5,5,2,4,5,4,3,2,1,4,4,5,5,2,2,1,1,4,1,5,1,4,4,2,4.5,4.0,3.0,14,2,85,3.0
2,3,2,2,5,4,4,2,4,3,3,5,5,4,4,3,1,3,3,2,5,1,2,2,1,4,4,2,1,2,3,4,4.5,3.0,2.75,61,1,85,3.125
1,4,4,2,4,5,2,2,1,2,2,2,5,4,5,1,1,3,2,1,5,2,3,2,1,4,1,3,1,5,4,3,4.875,3.625,2.0,37,1,90,2.875
1,4,3,4,4,5,4,3,3,3,3,2,5,4,3,3,1,3,3,2,4,3,3,3,1,3,2,2,3,5,2,2,4.25,3.75,2.625,25,1,85,2.875
1,4,3,4,3,5,3,3,3,3,2,5,5,3,4,2,1,3,4,4,5,3,4,4,1,4,3,3,2,4,4,5,4.375,3.625,3.75,45,1,90,3.375
1,4,4,4,5,5,4,3,1,5,1,3,5,5,3,4,1,4,5,2,5,3,1,2,1,5,3,5,2,5,3,3,4.875,4.5,3.25,31,1,90,3.0
3,4,5,4,3,5,1,4,4,2,4,2,5,5,1,2,2,1,3,2,3,4,1,5,1,5,4,1,3,4,1,4,3.5,3.75,3.0,18,1,75,2.5
2,3,3,3,3,4,2,2,3,2,2,2,3,4,2,3,4,2,2,2,3,4,3,3,4,4,2,2,4,2,4,2,2.75,3.125,2.375,56,1,80,2.5
3,3,2,2,3,3,4,3,5,1,3,4,5,1,5,4,3,2,1,2,3,4,4,3,2,1,1,2,4,3,4,3,3.0,2.25,2.875,51,1,87,3.0
1,2,1,1,2,2,5,1,5,1,1,1,5,3,5,5,3,2,1,1,5,5,5,1,2,1,1,2,4,1,5,1,3.375,2.125,1.625,30,2,90,3.0
3,2,3,4,1,3,3,3,2,1,5,3,3,1,2,4,1,1,1,3,4,5,1,3,4,2,3,4,5,4,3,4,2.875,2.375,3.5,19,1,80,2.625
1,4,2,3,3,4,3,3,3,4,2,2,5,3,5,2,1,3,4,2,5,2,2,2,1,5,1,4,2,4,4,2,4.375,3.625,2.5,45,1,90,2.875
1,4,3,5,5,5,5,4,4,1,2,5,5,3,3,1,1,1,3,1,4,4,3,5,1,4,2,1,1,4,5,5,4.5,3.25,3.375,16,1,100,3.25
1,3,4,3,4,5,3,4,2,1,2,3,5,4,5,2,1,2,3,2,5,3,4,2,1,3,2,2,2,5,4,4,4.625,3.25,2.75,26,2,85,3.375
4,3,1,1,4,4,5,2,5,2,1,1,3,2,5,5,1,3,1,1,4,3,5,3,3,3,1,1,1,4,5,5,3.375,3.0,2.375,33,1,90,3.0
2,4,2,4,2,1,5,1,2,3,3,4,5,4,4,4,2,3,4,2,4,2,4,5,2,4,2,4,1,3,4,3,4.0,3.0,3.375,34,2,100,3.5
2,5,2,2,4,5,3,2,1,2,2,4,5,4,3,2,1,4,2,2,4,2,4,2,1,4,3,2,1,4,2,4,4.625,3.75,2.5,26,1,98,2.625
3,2,3,2,3,3,4,2,5,2,2,3,3,3,4,4,4,2,2,1,3,4,4,2,4,3,2,2,3,4,4,2,2.5,2.875,2.25,40,2,99,3.125
3,2,4,5,2,5,1,2,4,4,5,4,5,2,3,4,3,2,4,4,3,5,3,5,3,2,2,5,3,1,1,4,3.0,2.875,4.125,33,1,80,2.875
4,1,2,2,4,3,3,3,4,2,4,1,2,1,3,5,5,1,4,2,4,5,4,1,5,2,1,2,1,5,4,1,2.625,2.5,2.125,38,2,85,3.125
2,2,5,1,4,2,2,1,2,1,4,3,5,2,1,4,2,1,5,1,3,4,2,3,1,2,5,3,1,5,1,1,4.25,2.375,2.125,19,1,95,3.125
4,1,2,2,1,2,3,2,5,2,2,2,5,1,5,5,5,2,2,2,2,2,4,2,3,2,2,4,5,2,5,1,2.0,1.75,2.5,39,1,80,3.125
3,2,4,2,3,3,4,2,3,3,4,2,2,4,4,4,2,3,3,4,4,2,3,2,3,4,3,3,4,4,5,4,3.0,3.125,2.875,25,2,70,3.75
3,4,5,5,3,5,1,5,1,1,5,4,5,1,1,1,1,1,3,3,3,1,1,4,1,4,5,4,2,5,3,5,4.125,2.75,3.875,15,1,99,3.0
2,4,4,3,4,4,3,2,3,3,3,3,4,4,4,3,1,2,4,2,4,2,2,2,2,4,2,4,2,4,3,2,4.0,3.375,2.625,41,1,95,3.125
2,4,4,3,4,5,3,2,2,5,3,2,5,4,3,2,3,4,2,2,4,4,2,1,1,5,3,5,2,5,2,2,4.125,4.5,2.375,43,2,90,2.75
2,4,5,5,4,2,3,4,1,2,2,5,5,3,1,2,1,2,3,4,4,2,4,1,1,5,2,3,3,5,3,3,4.375,3.125,3.375,25,1,80,2.875
2,3,3,3,4,3,4,2,2,2,4,3,3,2,4,2,3,2,3,2,4,3,4,2,3,2,1,3,4,4,3,2,3.375,2.625,2.375,37,1,95,3.25
3,4,2,2,3,4,4,2,3,1,4,1,4,3,4,4,3,2,4,1,4,2,2,1,1,3,2,1,3,4,1,2,3.5,2.875,1.75,33,2,98,2.875
1,4,4,3,4,5,4,2,1,3,1,3,5,2,5,4,1,3,5,2,5,5,1,1,1,3,1,5,1,3,4,4,4.875,3.5,3.0,30,2,100,3.125
1,4,3,3,4,4,3,3,1,5,1,3,5,5,5,3,1,3,3,2,5,2,3,2,1,3,1,3,1,4,3,2,4.875,3.75,2.625,34,2,100,2.75
1,2,3,3,3,5,5,2,2,1,4,2,5,1,5,4,1,1,3,1,5,3,3,4,1,2,1,4,3,3,3,2,4.375,2.25,2.75,16,1,88,3.375
1,5,4,4,5,5,3,5,2,5,4,4,5,5,5,3,2,5,4,3,5,2,3,2,1,5,5,5,2,5,2,4,4.625,4.625,3.75,32,2,100,3.75
1,4,2,2,4,5,4,2,4,4,3,2,5,4,5,5,4,4,4,2,5,3,3,3,1,4,1,3,1,4,2,3,4.125,4.0,2.75,31,2,100,3.0
2,1,4,5,3,4,1,5,1,1,5,5,5,1,3,1,1,1,5,1,5,4,1,5,1,3,5,5,2,5,1,1,4.5,2.5,3.5,17,1,90,3.125
5,3,1,3,2,4,1,1,5,4,1,5,4,2,5,2,5,2,2,1,3,2,2,2,3,2,3,2,4,5,2,1,2.125,3.0,2.125,20,2,55,2.125
4,1,3,2,3,3,4,1,4,1,2,2,4,2,3,4,4,1,2,1,4,4,4,3,3,1,1,3,4,4,2,1,2.75,2.125,2.125,21,1,85,2.625
2,4,3,4,4,4,4,3,2,4,2,3,4,3,4,4,2,4,3,2,5,3,3,2,2,4,3,3,2,4,2,2,4.125,3.75,2.875,33,1,90,3.0
1,3,5,3,5,3,3,1,2,5,1,5,5,5,3,5,1,3,2,1,5,5,2,1,1,5,5,5,1,3,4,3,4.875,4.0,3.0,21,1,80,3.125
2,2,3,1,5,4,2,4,2,1,5,1,5,3,4,5,1,5,5,1,5,1,3,1,1,4,5,1,1,5,3,1,4.75,3.125,1.875,21,2,80,3.75
3,4,4,2,3,5,3,2,2,2,4,1,5,4,4,2,3,3,5,2,5,1,3,1,1,5,2,2,2,4,1,3,4.0,3.5,1.875,32,1,85,3.25
1,2,5,2,5,3,2,4,1,3,5,4,5,4,1,4,1,2,5,4,5,4,1,1,1,3,1,1,1,3,1,3,5.0,3.0,2.875,41,1,100,2.625
1,4,4,4,5,5,3,3,4,4,4,4,5,3,2,2,1,3,4,2,5,3,2,3,1,4,2,2,1,4,1,3,4.625,3.75,2.875,24,1,100,2.75
1,3,3,2,5,4,3,4,1,4,2,4,5,5,4,1,1,4,4,4,5,1,2,1,1,4,1,2,1,4,2,5,5.0,3.625,2.875,25,1,100,2.625
1,3,1,1,5,5,3,1,1,2,4,1,5,4,3,5,1,2,4,1,5,3,4,1,1,4,2,2,1,5,2,1,5.0,3.5,1.625,26,1,95,2.875
1,4,3,2,4,5,1,1,3,3,2,3,5,4,2,3,1,2,1,1,5,2,3,1,1,2,2,3,1,4,4,3,4.625,3.25,2.125,29,2,90,2.25
2,2,4,4,4,3,3,4,4,2,4,4,4,2,3,3,1,1,4,3,4,3,2,2,2,4,5,5,2,3,2,4,3.875,2.5,3.625,32,2,90,3.375
1,2,5,2,3,5,2,1,2,4,1,4,5,5,1,2,2,4,5,2,5,4,1,4,1,4,5,5,2,5,1,5,4.375,4.125,3.125,20,1,80,2.625
1,1,5,4,5,5,4,4,1,5,4,5,5,5,2,1,1,4,5,4,5,1,2,3,1,5,3,5,1,5,1,5,5.0,3.875,3.875,20,1,85,3.25
3,1,4,3,3,5,2,1,2,2,4,1,4,5,1,4,3,2,2,1,3,5,1,1,1,1,1,3,1,5,1,1,3.75,3.25,1.875,35,1,100,2.0
2,2,3,3,3,4,4,3,2,3,3,3,5,3,4,3,2,2,5,3,4,3,4,2,1,3,2,2,1,3,3,3,4.25,2.875,2.75,25,1,100,3.5
1,4,3,3,5,5,4,1,1,3,2,2,5,5,5,3,2,2,3,2,5,3,3,1,1,4,1,5,1,5,3,1,4.875,3.875,2.25,32,1,80,3.0
1,2,2,3,5,4,4,2,1,1,1,4,5,1,2,4,1,1,2,4,5,4,4,2,1,3,1,3,1,4,3,5,5.0,2.5,3.375,19,1,84,2.375
1,5,5,1,5,5,1,1,1,5,5,5,5,5,1,5,1,5,5,1,5,1,1,1,1,5,5,5,1,5,1,1,5.0,4.5,2.5,24,1,100,3.0
2,5,5,2,4,5,4,1,4,4,5,4,5,4,5,4,3,5,4,2,2,3,2,2,1,4,1,4,2,5,2,2,3.625,4.375,2.625,21,1,85,3.5
2,4,3,2,4,4,4,2,5,3,3,2,5,5,5,5,1,3,4,1,5,4,5,2,1,3,2,3,2,4,3,2,4.125,3.75,2.375,27,1,70,3.625
2,3,3,2,3,2,3,1,4,1,2,2,2,1,4,4,3,1,1,2,3,4,3,2,3,1,2,2,2,3,3,2,3.0,2.0,2.125,18,2,45,2.625
1,3,5,2,5,3,2,3,2,2,5,3,3,3,1,3,1,2,2,2,5,4,3,1,2,5,3,4,1,4,4,3,4.5,3.25,2.625,23,2,85,3.125
5,4,5,4,5,4,5,4,5,4,5,4,5,4,5,4,5,4,5,4,5,4,5,4,5,4,5,4,5,4,5,4,2.5,4.0,4.0,27,1,80,5.0
2,4,2,1,1,2,2,1,4,2,1,1,5,1,3,4,5,2,1,1,3,3,1,2,3,3,4,2,2,2,2,1,2.875,2.375,1.625,24,2,50,2.0
1,4,5,2,5,5,1,3,3,1,5,2,4,2,2,4,1,2,5,2,5,1,1,1,1,4,5,5,1,4,1,3,4.625,2.875,2.75,40,1,95,3.125
3,3,2,4,3,3,4,3,3,2,2,2,4,3,5,3,2,3,3,3,4,4,4,3,2,3,1,2,3,4,2,3,3.5,3.125,2.875,16,1,90,2.875
4,3,4,1,3,5,2,1,4,2,4,1,4,2,2,1,3,1,4,1,3,4,3,1,4,3,4,1,3,5,2,1,2.75,3.125,1.0,19,2,90,3.125
2,1,2,5,4,3,1,5,2,2,5,2,5,1,5,3,1,1,4,4,5,2,2,2,2,3,2,4,4,3,1,4,4.125,2.0,3.625,17,2,95,2.75
1,4,5,3,4,3,3,2,1,3,2,3,5,3,3,3,2,3,4,2,5,3,2,3,1,4,4,4,2,3,2,4,4.625,3.25,3.0,22,2,75,3.125
2,2,4,3,2,5,4,4,1,1,5,4,4,2,1,5,1,2,3,5,5,2,1,1,1,2,4,2,2,2,2,5,4.25,2.25,3.625,49,1,90,3.0
2,4,3,2,3,4,3,4,2,3,2,2,4,4,4,2,1,3,3,3,4,4,4,2,2,4,3,2,2,3,3,4,4.0,3.625,2.625,26,1,85,3.125
2,3,3,3,4,4,4,4,2,2,1,4,4,4,4,2,2,3,3,3,5,3,4,3,1,4,2,5,2,3,5,4,4.25,3.25,3.5,35,1,70,3.25
2,3,3,2,4,4,3,3,3,3,2,2,3,2,3,4,3,3,4,2,4,2,3,2,2,4,2,4,1,4,3,2,3.75,3.125,2.625,39,1,80,2.875
1,3,4,4,5,5,4,4,1,3,4,4,5,4,4,4,1,4,3,4,5,3,1,4,1,3,2,3,3,5,2,5,4.75,3.75,4.0,19,2,90,3.0
1,3,3,3,5,5,4,4,1,5,2,2,5,5,3,1,1,5,4,2,5,2,2,3,1,5,3,4,2,5,4,4,4.875,4.375,2.875,32,2,100,3.125
1,4,3,4,4,5,2,3,1,5,2,3,5,4,3,3,1,4,4,2,5,2,3,3,1,5,3,3,2,5,2,3,4.75,4.25,3.0,26,2,100,2.75
4,1,2,1,1,4,3,3,4,2,3,2,2,1,5,4,4,2,3,1,3,4,3,3,4,4,3,3,4,5,2,2,2.0,2.875,2.375,25,2,90,3.0
1,4,3,4,5,5,4,4,1,2,1,4,5,2,4,3,1,2,3,3,5,3,3,2,1,4,1,4,2,4,1,4,4.875,3.25,3.5,21,2,85,2.5
2,4,5,5,4,5,3,4,1,4,4,5,4,2,2,2,3,2,4,3,5,4,4,5,1,4,3,5,4,3,4,5,4.0,3.5,4.25,32,1,95,3.625
2,3,3,3,3,4,4,2,3,3,2,2,5,4,3,3,2,3,2,2,4,4,3,4,2,3,1,2,3,3,4,4,3.75,3.375,2.75,25,2,80,2.75
2,4,1,1,3,4,4,2,2,1,1,3,3,1,2,3,4,2,3,2,3,4,4,3,2,4,1,1,4,4,4,4,3.125,3.0,2.375,18,2,90,2.5
2,3,2,3,4,4,4,1,5,4,1,3,3,3,5,5,2,4,3,1,5,2,4,1,1,4,2,3,2,4,5,4,3.75,3.5,2.625,51,1,79,3.25
2,5,5,3,4,5,3,4,2,4,2,4,4,5,1,3,1,4,5,4,5,4,1,2,1,5,4,5,2,4,2,5,4.375,4.5,3.75,21,2,90,2.875
1,5,4,3,5,5,5,1,1,3,5,4,5,4,3,5,1,2,5,1,5,4,2,1,1,4,5,4,2,5,1,2,4.875,4.0,2.625,15,2,100,3.75
1,5,2,2,3,4,5,1,3,4,2,1,4,3,5,5,1,3,2,1,5,1,4,1,1,4,1,2,2,4,4,1,4.25,3.5,1.75,23,1,50,3.125
1,2,1,4,5,5,5,1,1,2,3,2,5,3,5,3,1,2,3,2,5,4,5,3,1,5,1,2,1,5,5,3,5.0,3.5,2.5,21,2,100,3.5
2,3,3,3,4,5,3,3,2,3,3,3,5,3,3,2,1,3,3,3,5,3,3,2,1,3,3,5,3,5,2,3,4.375,3.5,3.0,27,1,85,2.875
1,5,3,3,5,5,4,4,1,4,3,2,5,4,5,2,1,4,3,2,5,3,1,2,1,3,1,3,1,2,1,2,5.0,3.75,2.5,22,1,90,2.625
1,4,4,3,4,5,3,2,1,2,4,3,5,5,1,1,1,2,3,2,5,4,2,2,1,3,3,2,1,5,1,4,4.875,3.75,2.375,21,2,85,2.625
2,4,3,2,3,5,3,3,4,4,4,4,4,4,3,2,3,3,4,4,4,3,1,2,1,4,1,3,3,5,1,3,3.5,4.0,2.875,40,2,95,2.5
2,2,3,3,4,3,4,1,4,1,2,1,5,3,5,4,2,2,2,1,5,5,4,4,2,3,2,2,5,4,4,1,3.625,2.875,2.125,15,2,90,3.25
1,2,2,2,5,4,5,1,2,1,4,1,5,2,4,5,1,1,5,1,5,4,2,2,1,2,1,1,1,3,3,1,4.875,2.375,1.75,19,1,100,3.25
3,2,3,3,2,3,3,3,4,3,2,4,3,2,5,2,2,3,3,4,4,4,4,4,3,4,2,3,5,3,3,4,2.75,3.0,3.375,46,2,90,3.125
4,3,3,3,2,3,2,2,4,2,3,1,4,3,2,4,3,1,4,1,4,4,2,2,3,3,1,4,5,2,3,1,2.625,2.625,2.25,18,2,90,2.5
1,4,4,3,5,5,3,3,4,3,2,2,4,4,3,3,2,3,4,2,5,3,2,2,2,3,3,5,2,2,2,3,4.125,3.375,2.875,18,2,85,2.875
4,1,2,1,3,5,3,1,4,1,5,1,1,1,5,5,5,1,1,1,4,3,2,2,4,2,1,1,1,4,5,1,2.5,2.25,1.625,30,3,100,3.0
2,5,5,4,2,4,2,3,5,3,5,4,5,2,1,3,2,5,4,3,5,5,1,4,2,5,1,5,3,5,3,4,3.5,4.25,3.75,19,1,90,2.75
5,3,3,1,1,2,1,1,5,1,3,1,3,1,1,5,5,1,2,1,1,5,1,1,5,1,3,1,5,4,1,1,1.25,2.25,1.5,23,1,85,1.875
2,2,2,1,4,3,4,2,2,1,1,4,4,1,4,3,1,1,1,1,5,5,3,1,2,1,1,5,3,5,5,2,4.125,2.375,2.375,39,2,100,2.625
1,5,3,3,4,5,4,3,1,2,2,4,5,5,4,2,1,3,4,2,5,2,4,3,1,5,1,2,2,3,4,4,4.75,3.75,2.875,28,1,90,3.25
3,5,4,2,4,4,2,2,4,3,2,4,4,4,2,2,1,3,2,2,5,2,3,2,1,4,3,4,2,3,2,3,4.0,3.5,2.625,34,1,80,2.5
1,3,3,3,5,4,3,3,1,2,3,4,5,3,5,3,1,1,4,3,5,4,4,4,1,4,1,5,1,1,4,4,5.0,2.75,3.625,28,1,80,3.375
1,1,3,2,5,5,5,1,1,1,2,1,5,5,4,5,1,1,4,1,5,4,3,1,1,4,1,1,1,5,3,2,5.0,3.25,1.75,38,1,86,3.125
1,5,3,3,4,5,3,3,2,4,2,3,5,4,3,3,1,4,4,3,5,2,4,3,1,4,1,2,1,4,2,3,4.75,4.0,2.875,58,1,100,2.75
2,3,3,3,3,5,3,2,2,2,2,1,5,3,1,5,1,4,3,1,5,3,1,1,1,3,3,3,2,5,1,3,4.375,3.5,2.375,37,1,75,2.125
2,3,4,3,4,4,2,2,2,3,4,3,4,4,3,4,4,2,4,2,3,3,3,2,2,3,2,4,2,3,1,2,3.625,3.125,2.75,29,1,90,2.875
1,1,4,5,5,5,2,5,4,4,1,4,5,3,3,1,1,2,5,4,5,5,1,5,1,4,1,1,1,4,4,4,4.625,3.5,3.625,22,1,60,2.625
2,4,3,3,4,5,5,3,4,3,1,3,5,5,4,2,2,4,1,2,5,3,2,3,2,5,1,5,1,2,4,3,4.125,3.875,3.0,27,2,90,2.625
3,4,3,3,3,4,3,4,2,3,3,4,5,5,3,3,2,3,4,3,5,4,3,3,2,4,3,4,2,4,4,4,4.0,3.875,3.5,32,2,85,3.25
2,3,2,2,4,3,5,2,2,2,1,3,4,3,5,3,2,2,2,2,5,4,3,2,2,4,2,3,2,4,4,2,4.125,3.125,2.375,21,2,90,3.0
1,3,5,1,3,4,2,2,3,4,4,3,5,1,1,2,2,1,4,1,4,1,1,2,1,3,5,3,2,5,1,3,4.125,2.75,2.125,21,2,85,2.875
2,3,4,4,3,3,3,4,2,3,2,5,4,3,5,2,3,3,3,3,4,2,2,3,2,2,2,4,4,4,3,4,3.5,2.875,3.625,26,1,76,3.0
5,3,3,4,2,3,5,3,4,1,3,2,3,1,5,4,3,1,2,1,3,3,5,5,4,1,1,1,5,3,3,5,2.125,2.0,3.125,20,2,80,3.375
3,2,2,4,4,4,4,3,2,3,1,3,4,3,5,2,4,2,1,2,3,3,4,5,2,2,2,2,3,4,4,3,3.375,2.875,3.0,21,2,80,2.875
2,1,4,4,2,3,4,4,2,1,3,4,5,2,5,2,2,1,4,4,5,5,5,1,1,2,1,1,1,2,4,3,4.25,2.125,2.875,30,1,95,3.75
1,3,5,4,4,5,3,2,4,2,3,4,5,3,1,3,1,1,5,2,5,5,1,1,1,3,1,3,2,5,1,3,4.375,3.375,2.75,26,1,90,2.5
1,4,4,3,5,4,5,2,1,3,2,2,5,4,5,2,1,4,2,2,5,1,3,4,1,4,1,4,1,5,1,3,5.0,3.625,2.75,36,2,98,2.875
1,5,3,2,4,5,3,1,3,5,1,4,4,5,5,4,1,5,5,1,4,4,2,3,1,5,1,4,5,5,4,1,3.875,4.875,2.5,32,2,99,3.0
2,5,5,4,4,5,1,2,2,5,5,1,5,4,1,2,1,5,5,2,4,3,3,2,1,5,5,5,2,5,1,4,4.375,4.625,2.75,20,1,98,3.25
2,3,3,4,5,5,2,4,2,4,2,4,4,3,2,2,1,4,4,3,5,3,2,2,2,4,3,3,2,2,4,4,4.375,3.5,3.25,21,2,79,2.75
2,2,4,2,3,4,1,2,5,4,3,2,5,2,1,2,3,3,4,2,4,1,3,2,5,2,3,4,3,4,1,2,3.0,2.75,2.25,15,2,85,2.5
2,4,2,1,4,2,3,1,1,4,2,1,5,3,3,5,1,2,2,1,5,4,4,1,1,4,3,4,2,4,3,1,4.625,3.375,1.875,16,1,80,2.75
1,5,5,3,5,5,3,5,1,5,5,2,5,5,1,1,1,5,5,5,5,1,5,3,1,5,5,5,1,5,1,5,5.0,4.5,3.625,18,2,100,3.75
2,4,2,3,3,3,4,3,2,2,2,4,4,3,4,2,2,2,2,2,3,2,2,3,2,4,2,4,4,4,4,3,3.5,3.0,3.0,46,2,90,2.75
3,2,4,4,3,4,3,5,2,2,3,4,4,2,4,2,2,2,4,4,4,4,3,4,2,2,3,4,3,2,3,4,3.625,2.5,3.875,20,2,90,3.375
1,3,4,5,3,5,3,5,4,3,3,4,5,5,3,1,1,3,5,1,4,1,4,5,1,3,1,5,3,5,1,5,4.0,3.5,3.875,17,1,95,3.0
1,2,2,1,4,3,3,2,2,2,3,3,4,1,2,3,1,2,1,1,5,4,2,2,1,1,4,2,2,3,2,2,4.5,2.25,2.0,26,1,95,2.375
2,5,4,2,4,5,3,1,2,2,1,4,5,5,4,3,2,2,2,1,5,2,3,2,1,4,3,5,2,4,4,3,4.375,3.625,2.625,20,2,85,3.0
1,3,4,3,4,3,3,3,2,2,2,3,5,4,2,2,1,3,3,2,5,2,1,3,1,3,2,4,1,2,2,4,4.75,2.75,3.0,25,1,85,2.375
3,4,3,3,3,3,5,4,3,2,2,1,3,2,5,3,3,2,2,3,4,4,2,2,3,4,4,3,3,3,4,3,3.125,3.0,2.75,20,1,80,3.375
1,4,2,2,3,5,3,2,3,2,4,2,3,2,3,4,2,1,3,1,3,2,1,1,3,2,1,4,3,3,2,2,3.375,2.625,2.25,28,1,85,2.375
1,2,3,4,5,4,3,3,3,2,5,5,4,4,3,3,3,4,5,1,2,3,2,2,2,3,3,2,5,2,4,4,3.375,3.0,3.0,26,1,80,3.5
2,4,2,2,4,5,4,2,2,5,2,3,5,4,4,3,2,4,3,2,4,3,4,1,1,4,1,2,2,4,4,2,4.25,4.125,2.125,45,2,95,3.0
2,4,3,2,4,4,4,2,3,3,2,3,4,4,4,4,2,4,4,1,5,2,2,2,1,3,4,2,2,4,3,1,4.125,3.5,2.125,39,2,100,3.25
4,3,5,3,5,4,2,2,2,2,3,1,5,4,4,4,1,2,2,3,5,2,2,1,1,1,4,4,3,3,2,1,4.25,2.625,2.375,18,1,87,3.0
4,4,4,3,4,4,3,1,5,2,3,1,5,4,2,3,4,3,2,1,4,5,2,4,2,3,4,3,3,4,1,1,3.125,3.625,2.125,19,1,99,2.625
1,3,3,3,4,4,4,4,2,3,1,2,4,4,4,2,2,3,2,2,4,3,4,4,2,4,1,4,3,4,3,3,4.0,3.5,3.0,20,2,95,2.75
4,5,2,3,4,4,4,1,2,3,1,3,5,4,5,4,4,3,3,1,4,2,3,4,1,4,1,3,2,4,3,2,3.75,3.625,2.625,42,2,98,2.75
3,2,1,4,4,5,5,4,4,1,1,5,4,1,5,3,2,1,1,4,4,4,5,3,2,2,1,4,1,4,5,4,3.75,2.5,3.875,26,2,90,3.0
2,5,3,4,4,5,4,2,3,2,2,3,5,4,5,4,2,5,5,1,5,4,5,3,2,4,2,4,2,5,5,3,4.125,4.25,3.0,17,1,95,3.875
3,2,2,5,4,3,4,2,4,1,4,5,2,1,4,1,3,2,2,3,4,5,3,5,3,1,2,5,3,5,4,5,3.0,2.5,3.875,27,2,95,3.125
1,2,5,3,5,4,2,1,4,1,4,2,5,1,2,5,2,1,5,1,5,5,1,4,1,2,4,1,5,3,1,1,4.0,2.375,2.25,14,1,90,3.0
2,4,3,2,4,5,1,1,2,3,4,3,5,3,2,4,1,1,5,2,5,3,1,1,1,4,2,4,2,2,1,1,4.5,3.125,2.25,28,1,90,2.375
1,3,4,4,4,4,2,3,1,4,4,4,5,3,2,2,1,2,3,3,4,2,2,2,1,4,4,4,1,4,2,2,4.75,3.25,3.0,23,1,80,2.875
2,4,3,1,3,2,2,1,3,3,4,4,5,1,3,2,2,2,4,3,3,3,2,5,2,1,2,5,2,3,2,2,3.75,2.375,2.875,19,2,90,2.75
3,4,5,4,5,5,2,5,2,3,4,4,5,4,2,5,3,2,2,4,3,1,3,2,2,4,2,4,2,5,4,3,3.875,3.5,3.875,19,1,85,3.0
1,2,3,2,4,3,4,2,2,3,2,3,4,4,5,4,2,4,3,1,5,3,4,2,2,5,3,3,2,4,3,1,4.25,3.5,2.25,29,1,75,3.375
3,2,3,3,3,3,4,2,3,3,2,2,3,1,5,4,3,2,2,2,4,5,4,2,2,3,2,1,3,4,4,2,3.25,2.875,2.25,18,1,89,3.25
2,3,2,3,4,4,3,2,2,2,4,1,5,3,2,5,2,2,4,1,5,4,2,3,1,3,2,5,2,4,2,4,4.375,3.125,3.0,16,2,100,2.625
1,5,2,4,4,4,4,5,1,3,4,4,4,5,5,2,2,2,2,3,4,2,4,4,1,3,1,1,2,1,4,2,4.375,3.125,3.125,19,1,100,3.25
2,3,2,2,3,5,3,1,1,3,3,1,3,3,5,5,1,1,4,1,5,1,2,1,1,5,1,1,2,4,1,1,4.25,3.125,1.625,25,2,90,2.625
1,4,3,3,4,4,3,1,3,3,2,2,5,4,3,4,1,3,1,1,4,2,3,1,1,4,3,3,1,4,2,1,4.5,3.5,2.0,31,1,90,2.5
2,4,3,3,5,4,2,4,1,4,2,4,5,5,2,3,1,4,4,2,5,2,4,2,1,5,2,5,1,4,3,2,4.875,4.0,3.125,16,2,60,2.75
2,4,2,4,3,4,5,4,2,3,4,4,3,3,5,3,5,2,3,4,4,4,2,2,2,3,2,4,3,4,2,4,3.25,3.375,3.625,28,1,80,3.125
2,4,3,4,5,2,4,2,4,3,3,1,5,4,5,5,1,3,3,1,5,3,4,2,1,3,3,3,2,4,5,1,4.375,3.25,2.375,16,1,89,3.75
2,2,3,4,2,1,4,2,5,1,3,2,3,1,1,3,2,1,1,2,4,5,2,3,2,1,1,1,4,3,2,1,3.0,1.875,2.25,27,2,90,2.125
4,3,2,2,4,5,4,4,3,3,2,1,5,3,3,2,3,4,4,2,5,2,1,2,1,5,1,2,3,5,1,5,3.75,3.75,2.5,35,2,100,2.25
2,2,3,2,3,5,1,4,2,2,1,4,5,5,2,1,1,2,4,4,5,3,2,2,1,3,2,3,4,5,4,3,4.125,3.375,2.875,22,2,96,2.375
1,4,4,5,5,5,3,4,2,4,2,4,5,5,4,1,1,4,3,4,5,2,3,4,1,5,4,5,2,5,3,4,4.75,4.25,3.875,29,2,100,3.25
2,4,4,2,4,4,3,1,5,2,2,2,5,3,4,4,1,3,2,1,5,3,3,1,2,3,1,2,3,4,3,2,3.875,3.25,1.875,14,2,90,2.75
1,4,1,4,4,4,5,4,2,4,4,4,4,4,5,2,1,3,4,1,5,3,1,3,2,4,1,3,2,4,3,3,4.375,3.75,3.0,62,1,95,3.0
3,3,3,4,4,4,2,3,2,2,4,4,4,2,3,2,2,2,3,3,3,3,2,4,2,3,4,4,2,3,2,3,3.75,2.75,3.375,16,2,60,2.875
3,5,1,2,4,5,1,1,1,5,5,1,5,3,5,5,3,5,5,1,5,4,5,5,2,5,1,5,2,5,1,1,4.125,4.625,2.625,17,1,100,3.0
1,2,3,2,5,5,4,1,1,5,4,3,5,5,5,4,1,5,4,1,5,2,2,1,1,5,1,5,1,5,4,2,5.0,4.25,2.375,17,2,99,3.375
1,3,2,3,5,4,5,3,1,2,1,4,5,2,5,3,1,3,4,2,5,4,4,3,1,3,1,1,1,4,2,4,5.0,3.125,2.875,41,1,95,3.0
2,4,2,4,4,5,3,3,2,3,2,4,4,4,3,3,2,2,2,3,4,3,2,3,2,4,2,4,3,4,4,3,3.875,3.625,3.375,15,2,85,2.5
3,4,3,3,2,5,4,3,1,5,1,3,5,4,5,4,5,4,2,1,3,3,3,2,2,5,1,3,5,4,3,3,3.0,4.25,2.75,34,2,90,2.75
1,3,1,1,4,5,3,2,4,4,2,1,5,3,5,4,2,3,4,1,5,1,5,5,1,4,1,4,2,5,3,1,4.25,3.5,2.375,24,3,95,3.0
3,4,3,2,3,4,4,3,2,4,2,4,3,3,4,4,4,3,3,2,5,3,4,3,4,4,2,4,3,4,4,2,3.125,3.625,3.0,34,2,85,3.25
2,3,3,2,4,3,4,3,3,3,3,3,4,3,4,2,2,3,3,2,4,3,4,2,2,4,2,4,3,4,4,3,3.75,3.25,2.625,59,1,90,3.375
4,4,3,4,4,5,4,5,2,5,2,5,4,1,1,1,2,3,1,5,4,3,2,4,2,3,2,4,2,4,5,4,3.75,3.5,4.0,20,1,95,2.5
2,4,4,4,3,4,3,3,2,2,3,3,4,4,2,2,2,3,4,3,3,3,2,3,2,4,4,3,2,4,3,4,3.75,3.5,3.125,16,1,95,3.125
1,3,2,1,4,5,3,4,2,3,1,1,5,4,3,4,1,2,4,3,5,2,5,2,1,4,1,4,2,5,3,2,4.625,3.5,2.625,30,1,100,2.75
4,2,4,3,3,5,3,2,3,3,2,2,5,3,4,2,1,2,2,2,5,4,3,1,1,3,1,4,3,2,4,2,3.875,3.0,2.25,16,1,80,2.875
2,3,2,3,2,4,4,2,5,3,3,2,4,4,4,3,4,3,3,2,4,3,2,2,2,4,3,4,3,4,2,3,3.0,3.5,2.625,27,2,75,2.875
2,3,3,3,4,4,3,2,2,2,3,3,5,3,3,3,2,2,2,2,4,2,2,3,1,4,4,4,2,4,3,4,4.25,3.0,3.0,21,1,75,2.875
2,2,4,2,3,4,4,1,2,3,2,1,5,4,3,3,2,3,2,1,5,2,3,2,1,4,3,1,4,5,4,2,4.0,3.375,1.625,17,1,95,3.125
3,2,3,5,2,3,2,2,2,3,3,3,3,2,5,4,2,3,4,2,5,4,4,4,3,2,2,3,3,3,3,2,3.375,2.75,3.125,33,1,75,3.25
2,4,3,3,3,4,4,3,2,2,4,3,5,4,2,4,2,2,4,2,5,3,4,3,1,3,1,4,2,4,4,4,4.25,3.25,3.25,18,1,95,3.25
1,5,4,2,5,5,3,2,2,4,2,5,5,3,1,4,1,2,5,1,5,4,3,3,1,5,5,5,1,5,2,3,4.875,4.125,3.125,29,1,95,3.125
1,3,4,3,2,2,3,1,3,2,2,4,4,3,1,4,2,2,3,1,5,4,1,3,2,3,1,2,3,3,1,4,3.75,2.75,2.75,18,1,90,2.0
2,3,4,4,3,3,4,4,2,2,4,2,5,2,5,3,1,3,2,4,3,3,2,2,2,3,3,2,2,2,4,3,4.0,2.625,3.0,20,2,70,3.5
2,3,4,3,4,4,3,2,3,1,3,4,1,4,1,4,3,1,4,1,5,5,1,1,1,3,1,2,2,3,2,1,3.625,3.0,2.25,38,1,90,2.375
1,3,1,3,5,5,5,1,2,3,5,3,5,4,5,4,1,3,3,1,4,3,5,1,5,4,3,3,5,5,5,1,3.75,3.75,2.125,66,2,95,4.0
2,3,4,4,4,5,4,5,3,4,3,5,4,3,3,2,2,2,3,4,5,3,4,2,2,3,2,4,3,4,3,3,3.875,3.375,3.625,55,2,90,3.25
3,2,4,4,2,4,5,2,2,2,1,4,3,2,5,2,4,1,2,2,1,1,5,2,2,4,1,1,1,5,1,3,3.0,2.625,2.5,35,2,75,3.0
1,4,4,4,3,4,3,4,1,4,3,5,5,3,3,2,1,3,3,3,5,2,2,4,1,4,2,3,1,4,1,5,4.75,3.5,3.75,18,2,90,2.625
1,5,5,3,5,5,4,3,1,5,5,4,5,5,2,5,1,5,5,1,5,2,2,3,1,5,5,2,1,5,2,5,5.0,4.625,3.25,16,2,100,3.75
2,2,4,5,4,5,3,5,3,3,4,5,4,3,3,1,1,2,4,4,5,2,4,4,1,2,2,5,2,4,1,5,4.25,2.875,4.25,21,1,85,3.125
2,4,2,2,4,5,5,2,2,4,1,5,5,5,5,4,1,4,5,1,5,4,3,3,1,5,1,4,1,5,3,2,4.625,4.5,2.875,25,2,100,3.125
2,4,4,4,4,3,2,4,2,2,4,2,4,2,4,4,3,2,3,3,5,4,2,3,2,3,2,4,2,2,3,4,4.0,2.75,3.5,22,1,80,3.0
4,2,4,4,4,4,2,4,4,4,4,4,4,4,2,2,2,3,5,5,5,2,2,4,2,4,4,2,2,4,3,4,3.625,3.375,3.625,27,1,100,3.25
4,2,3,4,1,3,2,3,4,2,3,3,4,2,1,3,5,3,5,3,2,2,2,3,2,3,4,2,5,5,2,2,2.125,2.75,2.875,16,1,90,2.75
1,3,3,2,3,5,3,4,2,4,1,4,5,5,4,3,2,3,4,2,5,4,3,2,1,4,2,4,2,5,2,5,4.375,4.125,3.25,18,1,87,2.75
2,5,2,4,4,5,3,3,2,5,2,4,5,3,3,2,1,4,4,3,5,3,4,3,1,5,2,5,2,4,4,3,4.5,4.25,3.375,18,1,85,3.0
3,2,2,2,3,3,4,2,2,1,2,2,4,2,5,4,4,1,1,1,4,5,4,2,2,3,4,1,2,2,4,4,3.5,2.375,2.25,33,2,80,3.25
3,1,2,3,5,4,3,1,2,1,4,2,5,1,4,5,3,2,5,1,5,5,1,2,1,2,2,1,2,5,3,2,4.25,2.625,2.125,21,1,82,3.0
3,2,2,4,3,5,4,2,4,2,3,3,5,3,5,2,3,3,2,2,5,4,4,5,2,3,1,3,5,5,4,2,3.25,3.375,2.875,19,1,99,3.125
2,2,2,1,4,3,3,2,5,2,2,2,4,2,4,5,3,2,2,1,3,3,4,2,2,2,2,2,2,2,3,1,3.375,2.25,2.0,24,2,85,2.75
2,5,1,1,4,4,2,3,2,4,4,4,5,4,4,3,1,3,4,3,4,2,3,3,2,5,1,2,2,5,2,2,4.25,4.0,2.625,52,2,80,2.625
2,5,2,2,3,5,4,1,1,4,3,3,5,4,5,4,1,4,4,1,5,3,4,1,1,5,2,2,3,4,2,1,4.375,4.25,1.875,20,1,95,3.25
1,1,2,3,5,3,5,2,1,2,2,3,5,2,2,2,1,2,3,2,5,5,4,3,1,3,2,3,2,3,3,3,4.875,2.625,2.625,22,2,90,2.875
2,3,4,3,3,5,3,3,3,2,3,4,5,2,3,3,2,2,4,3,5,2,3,4,1,3,2,1,2,5,2,4,4.125,3.0,3.125,24,1,70,3.0
2,2,3,1,3,2,3,2,4,3,2,2,5,2,2,2,2,3,4,3,5,3,4,3,2,3,3,2,2,4,3,2,3.875,2.75,2.125,17,1,75,3.0
1,4,4,1,5,5,5,1,1,4,1,2,5,5,5,5,1,4,5,1,5,3,2,1,1,5,1,1,1,5,5,1,5.0,4.375,1.625,33,1,100,3.5
1,5,5,5,4,4,2,4,1,3,5,4,5,5,1,2,1,3,5,4,5,1,1,3,1,5,5,5,1,4,1,4,4.875,3.75,3.875,17,1,89,3.125
2,3,4,4,3,5,2,4,5,3,3,5,5,5,3,2,3,1,5,3,4,5,2,4,1,3,4,5,3,5,3,4,3.5,3.75,3.875,19,2,80,3.25
2,4,1,1,3,5,4,1,2,4,2,2,4,3,5,3,2,4,3,1,4,3,3,2,2,4,1,3,2,5,4,2,3.875,4.0,1.875,28,2,90,2.875
1,5,3,3,5,5,4,2,1,2,1,1,5,5,4,2,1,1,1,1,5,2,5,3,1,3,1,1,1,5,5,5,5.0,3.5,2.25,22,1,100,3.0
2,2,1,2,4,5,2,1,2,4,4,4,4,3,4,4,3,4,4,2,4,3,5,3,3,5,2,2,3,5,2,3,3.625,3.875,2.625,20,2,100,3.0
2,2,4,4,3,5,4,3,3,2,3,2,5,4,4,3,2,1,2,2,5,2,3,2,2,4,3,3,2,5,2,3,4.0,3.125,2.75,47,1,100,3.125
2,4,4,2,3,4,4,2,5,3,2,4,4,4,4,4,2,3,3,2,5,2,3,3,1,5,1,4,3,4,3,4,3.625,3.625,3.125,20,2,90,3.0
4,3,3,3,1,2,2,1,5,1,3,2,4,2,1,4,4,5,1,1,3,5,3,2,1,1,1,1,5,3,2,3,2.375,2.75,2.125,26,1,77,2.0
1,3,5,2,3,5,1,3,1,3,5,3,5,2,1,3,1,2,4,2,5,4,1,2,1,3,4,4,1,5,1,1,4.75,3.375,2.5,26,1,100,2.75
1,3,4,3,4,4,5,2,2,3,2,4,5,4,4,3,1,4,2,2,5,2,2,1,1,4,1,3,4,5,4,3,4.375,3.625,2.625,14,2,85,3.0
1,1,4,3,3,3,3,3,2,1,4,4,5,2,1,5,1,3,4,2,5,4,1,2,1,4,4,3,2,3,1,4,4.5,2.625,3.25,25,1,90,2.75
1,3,3,4,5,5,4,2,2,4,5,2,5,5,5,4,1,3,4,1,5,4,3,3,1,5,4,4,2,5,1,3,4.75,4.25,2.875,21,2,90,3.625
3,3,1,4,3,3,5,1,3,1,1,1,4,3,5,5,1,3,3,1,5,4,1,2,1,3,3,2,1,1,1,1,4.125,2.625,2.125,18,2,100,2.5
3,3,5,5,5,5,1,2,2,3,5,4,5,4,2,3,2,2,4,2,5,1,3,2,1,5,4,5,1,5,1,4,4.5,3.5,3.375,23,1,90,3.125
1,3,2,5,4,4,3,5,4,2,1,4,5,1,5,3,1,4,5,3,5,4,3,2,1,3,4,5,3,5,4,3,4.25,3.25,3.75,18,2,99,3.375
2,5,1,1,4,4,4,1,2,5,5,2,5,5,2,5,1,3,4,1,5,1,1,1,2,5,2,4,1,4,1,1,4.5,4.0,2.0,24,2,90,2.5
2,4,3,4,5,5,3,4,2,4,3,4,5,5,3,2,1,4,4,3,5,2,2,3,1,5,3,4,2,4,2,4,4.625,4.125,3.5,23,1,95,2.875
5,4,5,2,4,4,3,2,3,2,3,1,5,3,5,2,1,3,4,1,5,2,3,2,1,3,1,2,1,5,2,1,4.125,3.25,1.625,35,1,100,3.25
2,5,4,5,3,5,3,4,2,5,2,4,5,5,1,2,1,5,2,2,5,1,1,5,1,5,1,5,5,5,5,5,4.0,4.5,4.0,21,1,80,2.375
1,4,4,4,4,5,3,2,4,4,4,4,5,5,4,3,2,3,2,2,4,2,4,3,2,4,2,4,3,4,5,5,3.875,3.875,3.375,20,1,70,3.5
1,4,4,4,4,5,4,4,3,5,4,4,5,5,3,1,1,5,4,3,5,3,1,3,1,4,4,3,3,5,2,4,4.375,4.5,3.25,18,2,98,3.25
3,4,4,1,3,2,2,2,3,2,4,2,4,3,2,4,3,2,4,1,4,2,4,4,3,3,2,4,2,3,2,1,3.375,2.625,2.375,19,1,75,3.0
4,4,3,3,3,3,4,3,4,4,2,4,3,2,3,4,3,4,2,2,4,3,3,4,3,4,2,4,4,5,3,3,2.75,3.625,3.375,24,1,80,2.75
1,4,4,3,4,5,3,3,1,2,3,3,5,4,2,2,1,2,3,2,5,2,2,3,1,3,4,3,1,5,2,3,4.875,3.375,2.75,41,1,80,2.875
2,4,5,4,3,5,1,5,2,2,5,1,5,5,5,4,1,3,4,5,4,2,5,3,1,3,1,3,5,4,2,3,3.875,3.5,3.5,17,1,78,3.5
2,4,5,2,5,4,1,3,2,4,4,4,5,4,1,2,2,4,5,3,5,2,2,2,1,5,4,5,2,4,1,4,4.5,3.875,3.125,19,1,90,2.875
1,5,4,1,1,5,4,1,1,5,2,2,5,5,2,2,1,5,5,1,5,2,2,1,1,5,4,2,1,5,2,2,4.5,4.625,1.5,27,0,90,3.125
1,5,4,3,4,5,4,4,2,1,2,4,5,2,4,2,2,2,5,2,5,2,3,2,1,2,4,4,2,4,2,4,4.5,2.875,3.125,14,2,75,3.5
2,4,4,2,3,4,3,2,2,4,2,2,4,4,3,3,1,3,3,1,4,4,3,2,1,5,3,2,4,5,4,2,3.875,4.125,2.0,20,1,85,3.125
1,4,4,1,5,5,4,2,1,4,2,1,5,5,5,4,1,3,4,1,5,4,5,3,1,5,1,3,1,5,4,2,5.0,4.375,2.125,48,2,97,3.625
5,5,5,1,1,5,5,1,1,1,1,1,5,1,5,5,5,1,1,1,1,5,1,1,1,1,1,1,5,5,1,1,2.5,3.0,1.5,17,2,100,2.5
2,3,3,4,5,3,4,2,2,2,1,4,5,3,3,4,1,2,1,3,5,1,3,4,1,2,2,3,2,3,3,3,4.625,2.375,3.375,23,1,85,2.5
1,3,3,2,3,5,2,1,1,5,3,3,5,3,1,5,1,3,4,1,5,2,2,2,1,3,4,5,2,5,2,3,4.625,3.625,2.75,18,1,100,2.625
2,4,4,2,4,5,4,2,2,4,2,4,5,4,5,2,4,2,2,2,4,4,2,2,1,4,4,2,2,5,4,2,4.0,4.0,2.25,2670,2,70,3.375
5,2,3,4,1,3,2,1,5,2,3,2,4,2,4,5,4,4,3,1,3,4,3,3,3,3,2,1,5,3,3,1,2.0,2.875,2.25,33,1,100,2.875
1,3,3,4,4,5,3,2,2,3,4,2,5,4,2,2,2,3,5,2,4,5,5,3,1,3,4,5,3,5,3,3,4.25,3.875,2.875,17,2,90,3.625
4,4,2,2,2,2,4,2,4,2,2,2,4,2,4,4,2,2,2,2,4,2,2,2,2,2,4,2,4,2,4,4,3.0,2.25,2.5,22,2,60,3.0
1,2,3,3,4,5,3,2,2,2,1,5,5,2,5,2,1,1,3,1,5,5,4,2,1,3,1,5,1,5,3,4,4.75,3.125,3.0,39,2,85,2.875
1,3,5,4,3,5,2,5,3,1,3,5,5,2,1,2,1,2,5,5,5,4,2,2,1,5,4,4,1,4,1,4,4.5,3.25,3.875,32,1,90,2.875
4,4,1,5,2,4,1,1,5,4,1,1,1,1,4,4,2,5,1,2,4,3,2,5,2,5,2,4,5,5,1,1,2.375,3.875,2.875,20,2,60,1.625
4,1,1,4,2,2,3,4,5,3,1,3,1,2,5,2,4,2,1,2,2,4,5,3,4,3,1,3,3,3,5,3,1.875,2.5,3.0,37,2,98,2.75
3,5,3,5,5,4,4,4,3,3,3,3,5,3,3,2,3,3,4,3,5,4,3,3,2,3,2,4,3,4,3,4,3.875,3.625,3.5,16,1,90,3.125
1,2,3,4,5,5,3,4,2,3,2,4,5,5,2,1,2,2,3,3,5,3,3,2,1,4,4,2,1,5,2,4,4.75,3.625,3.0,39,1,88,2.75
1,4,2,3,2,5,5,4,5,5,1,2,4,4,4,3,3,2,4,4,5,5,3,1,1,4,1,2,5,5,5,1,3.25,4.25,2.5,16,2,100,3.125
1,4,4,2,5,5,1,1,1,5,5,2,5,5,1,2,1,4,5,1,4,3,1,3,1,5,5,5,1,5,1,4,4.875,4.5,2.5,22,2,100,2.875
3,1,2,3,3,2,3,2,4,3,2,2,3,2,5,3,3,3,4,3,4,5,4,3,2,2,4,2,3,3,2,4,3.125,2.625,2.75,22,2,70,3.25
1,2,4,4,4,5,4,4,4,1,1,4,5,3,5,2,1,1,4,4,5,5,3,2,1,3,1,1,2,3,5,5,4.375,2.875,3.25,16,2,70,3.375
4,4,2,3,3,4,4,1,1,2,4,2,4,3,5,5,4,4,4,1,3,2,2,2,2,3,1,3,3,5,3,2,3.25,3.375,2.375,21,2,90,3.125
2,3,3,3,2,4,4,3,2,3,2,4,5,2,3,3,1,3,4,3,5,3,3,2,1,4,4,5,2,5,3,4,4.25,3.375,3.375,14,1,90,3.25
2,4,2,3,3,4,4,2,3,4,2,2,4,3,4,2,2,4,4,2,5,3,3,2,2,4,2,4,2,4,2,3,3.875,3.75,2.5,26,2,95,2.875
1,1,2,2,3,4,4,4,4,3,3,1,5,5,5,5,5,4,3,3,3,3,3,3,3,3,4,5,4,4,5,5,3.0,3.375,3.5,27,1,39,3.625
1,2,1,2,5,5,4,1,3,1,1,3,5,4,5,2,2,1,5,2,4,4,4,3,1,3,1,1,1,5,1,2,4.5,3.125,2.0,20,1,90,2.75
1,4,4,3,5,4,3,2,4,2,5,3,5,1,5,4,1,1,5,1,5,1,4,5,1,3,2,4,1,4,1,2,4.625,2.5,3.0,19,1,95,3.625
3,4,1,2,4,5,4,1,3,1,1,3,5,2,5,3,1,3,2,1,5,4,4,2,1,1,1,1,5,5,5,1,3.875,3.125,1.75,34,2,95,2.875
1,3,3,2,3,5,4,2,1,2,3,4,5,4,4,4,2,2,4,1,5,4,5,4,1,5,1,4,2,4,4,2,4.5,3.625,2.875,17,1,93,3.5
3,2,4,2,3,4,3,1,3,1,3,1,3,2,1,2,3,3,3,1,2,3,2,5,3,2,3,4,2,5,2,2,3.0,2.75,2.25,15,2,97,2.625
5,3,3,1,2,2,3,1,4,1,3,1,3,2,5,5,4,2,3,1,2,4,4,1,3,1,2,3,3,4,3,1,2.25,2.375,1.75,19,1,88,3.25
3,4,4,1,3,5,3,1,4,2,5,1,5,4,5,5,3,4,1,1,3,4,4,2,1,5,1,4,1,5,4,3,3.625,4.125,2.25,16,1,100,3.375
2,5,1,4,2,1,4,2,4,1,2,2,4,1,4,4,2,2,2,2,5,1,4,2,2,1,1,1,2,2,4,1,3.625,1.75,2.25,14,1,80,2.75
2,1,4,1,3,5,4,4,4,1,4,1,5,3,3,5,4,1,4,2,3,4,3,3,1,2,2,2,4,5,2,1,3.25,2.75,2.375,17,2,90,3.25
2,4,3,4,4,5,5,5,3,3,1,4,5,4,4,3,2,2,2,2,5,4,2,3,2,3,1,3,1,5,4,4,4.25,3.75,3.5,17,2,90,2.75
1,4,4,2,5,4,3,2,2,5,3,3,5,2,1,3,1,4,4,2,5,1,1,4,1,5,4,4,1,5,3,1,4.875,3.75,2.625,14,2,85,2.875
3,2,1,2,1,2,5,4,2,1,3,3,2,1,5,3,4,1,1,3,2,5,4,2,4,2,1,1,5,2,4,3,2.125,2.0,2.625,23,1,80,3.0
4,3,3,4,4,3,2,3,2,2,4,2,3,1,4,3,3,2,4,3,2,1,2,4,3,2,2,2,4,3,3,2,2.875,2.125,2.875,37,1,50,3.0
2,3,4,2,3,3,4,2,4,2,1,2,5,3,4,4,2,2,2,2,5,3,3,1,1,3,3,3,2,3,3,3,4.0,2.75,2.375,26,1,99,3.0
1,5,3,3,4,4,2,3,2,4,4,3,4,3,3,2,2,4,5,3,3,3,3,4,2,4,4,5,1,3,1,3,4.125,3.75,3.25,30,1,75,3.125
3,1,4,2,4,4,4,2,3,2,3,2,4,2,3,4,3,2,2,2,4,2,3,4,2,3,2,1,2,3,4,1,3.625,2.375,2.25,14,1,96,3.125
3,3,2,3,3,4,3,4,3,4,3,2,4,3,4,3,3,3,2,4,3,3,4,5,2,3,3,2,3,3,4,5,3.25,3.25,3.5,19,2,10,3.125
3,3,4,3,3,4,2,2,3,3,3,3,4,4,4,2,2,4,4,1,4,3,2,1,2,4,3,4,2,4,3,1,3.625,3.625,2.125,34,1,90,3.125
3,4,1,1,3,4,3,1,2,1,1,1,5,2,5,5,2,1,3,1,3,1,3,1,1,2,1,1,2,2,5,1,3.875,2.125,1.5,16,1,90,2.75
2,3,3,4,3,4,4,2,4,3,2,3,4,2,3,3,3,2,2,2,4,4,3,4,2,3,2,2,4,4,4,2,3.25,3.125,2.75,21,2,85,2.875
1,2,3,5,5,5,3,2,2,2,4,3,5,4,3,3,2,2,3,2,5,3,2,5,2,4,2,2,2,3,2,4,4.5,3.125,3.25,19,2,97,2.75
1,4,4,3,2,4,3,2,2,2,5,3,5,3,1,5,1,3,2,1,4,4,1,2,1,4,5,4,3,4,2,1,4.125,3.5,2.625,16,1,95,2.875
3,1,5,1,2,4,1,1,5,1,3,1,5,1,5,5,3,1,5,1,3,5,4,3,1,1,3,5,1,3,1,1,3.375,2.125,2.25,16,2,98,3.375
2,4,4,4,4,4,2,4,2,3,4,4,4,5,2,2,2,4,4,4,4,2,2,5,2,4,4,4,2,4,3,5,4.0,3.75,4.0,28,1,100,3.125
2,5,3,5,4,5,2,5,2,5,3,5,5,5,2,5,1,5,4,5,5,5,4,5,1,5,5,5,2,5,4,5,4.5,5.0,5.0,28,1,90,3.375
1,3,3,3,4,4,2,3,1,3,4,5,5,3,5,2,1,4,3,3,5,4,4,3,1,3,2,3,1,1,3,4,4.875,3.125,3.25,35,1,100,3.25
1,3,4,2,4,5,3,1,3,3,4,1,5,2,2,5,1,2,4,1,4,2,2,1,1,4,4,4,1,5,1,1,4.5,3.25,2.0,14,2,100,3.0
1,4,3,2,4,3,4,2,2,3,3,2,5,4,4,5,1,3,2,2,5,4,2,2,1,2,1,2,2,3,2,3,4.625,3.25,2.5,22,1,80,2.625
1,5,5,5,4,5,4,2,2,5,1,5,5,5,5,4,1,5,4,1,5,2,1,5,1,5,1,5,4,5,3,4,4.375,4.625,3.875,20,2,90,3.0
2,3,2,2,4,4,3,2,5,1,2,3,5,2,4,4,2,1,4,2,4,5,5,1,1,4,1,5,3,4,2,3,3.75,3.0,2.75,21,1,90,2.875
2,3,2,2,3,5,4,1,4,2,1,2,4,3,5,4,2,2,4,1,4,2,2,1,2,4,2,1,2,5,2,2,3.625,3.25,1.75,45,2,90,2.75
1,3,4,3,5,4,5,3,1,2,2,3,5,3,5,3,2,3,3,2,5,3,1,3,2,4,1,3,3,3,4,4,4.5,3.125,3.0,22,2,100,3.125
3,3,2,2,2,3,5,1,3,3,4,3,5,3,3,4,3,4,4,1,4,5,5,2,1,3,1,2,3,5,5,2,3.5,3.625,2.125,26,2,90,3.625
2,5,5,2,2,5,1,3,2,5,2,1,4,4,5,1,1,5,3,1,5,4,2,2,1,5,5,5,1,5,3,1,4.25,4.75,2.0,32,2,95,3.25
1,4,5,4,4,4,5,4,4,4,4,5,5,5,2,3,1,4,4,3,5,2,1,2,1,4,3,5,3,3,4,3,4.25,3.75,3.625,15,1,95,3.5
2,3,2,4,3,3,4,5,2,5,1,5,5,2,5,4,2,2,3,2,5,4,3,4,2,5,1,4,3,2,3,5,4.0,3.25,4.125,22,2,95,2.75
2,4,3,4,4,4,3,4,3,2,3,3,4,2,2,3,3,3,2,2,5,3,2,2,1,3,3,2,2,5,3,3,4.0,3.25,2.875,19,1,80,2.625
1,4,5,5,4,3,5,4,3,3,2,4,5,5,4,3,1,5,4,4,5,2,1,2,1,4,3,4,2,2,2,4,4.5,3.5,3.75,19,1,75,3.25
2,2,3,3,2,4,3,2,5,1,2,2,5,1,5,4,2,1,3,1,4,4,3,2,1,1,1,4,4,2,3,4,3.375,2.0,2.75,22,2,79,2.875
1,3,3,3,4,4,3,4,1,3,4,1,5,4,3,4,1,2,4,1,4,2,2,2,1,4,2,4,1,5,2,1,4.75,3.375,2.5,27,2,100,2.875
3,3,2,2,4,4,4,2,4,3,4,2,4,3,4,4,3,2,1,1,3,3,3,3,2,4,1,2,1,4,3,3,3.5,3.25,2.375,41,1,80,2.75
2,5,4,1,3,3,3,2,3,3,4,1,5,4,3,3,1,3,5,1,4,4,3,2,1,3,5,4,1,4,3,1,4.25,3.625,1.875,51,2,100,3.75
1,3,2,1,3,5,4,1,3,3,3,2,5,4,5,1,1,3,3,1,5,3,2,2,1,5,2,3,3,5,5,3,4.25,3.875,1.75,39,1,90,3.25
1,3,2,1,5,5,4,2,1,3,1,1,5,2,5,5,1,3,2,1,5,3,5,1,1,4,1,1,1,5,5,1,5.0,3.5,1.625,21,2,90,3.125
1,4,2,4,5,5,2,4,2,4,4,4,5,4,4,4,1,4,5,2,5,2,2,2,2,4,1,4,1,2,4,3,4.75,3.625,3.375,18,1,80,3.0
1,4,3,2,4,5,4,2,3,1,4,4,5,5,1,4,1,1,2,1,5,1,3,2,1,5,3,3,2,5,2,4,4.5,3.375,2.75,22,2,81,2.75
2,5,1,4,4,5,2,4,2,4,1,5,5,3,5,2,1,4,5,4,5,3,5,4,1,4,1,4,3,4,4,5,4.375,4.0,4.0,20,1,95,3.0
4,5,5,2,4,5,3,2,4,2,5,3,4,5,1,3,2,1,1,1,4,1,2,2,2,3,5,4,2,5,2,2,3.5,3.375,2.375,20,1,70,3.0
1,1,1,1,1,1,1,1,1,1,1,1,1,1,1,1,1,1,1,1,1,1,1,1,1,1,1,1,1,1,1,1,3.5,1.0,1.0,22,1,100,1.0
1,4,3,4,4,4,4,4,2,3,3,4,5,5,2,2,1,4,4,2,5,2,3,4,1,2,3,2,3,4,3,3,4.5,3.5,3.125,14,1,100,3.125
4,2,2,1,3,3,4,2,2,1,2,2,4,1,4,4,1,1,4,1,4,4,4,2,2,1,1,2,3,1,4,3,3.625,1.75,2.125,21,1,80,3.125
1,3,4,1,4,5,2,1,5,3,2,1,5,3,1,4,1,2,3,1,4,3,1,1,1,5,3,3,1,2,2,1,4.25,3.25,1.625,31,1,90,2.25
1,4,2,2,4,4,3,3,2,3,2,3,5,4,5,4,1,3,1,1,5,3,5,3,1,4,1,4,1,4,3,5,4.75,3.625,3.125,28,2,100,2.75
1,4,3,3,5,4,4,4,1,4,2,4,4,4,4,2,1,2,3,2,5,2,2,2,1,4,3,3,1,4,3,3,4.875,3.5,2.875,59,2,90,3.0
1,3,4,3,4,4,3,2,1,3,4,4,5,4,3,4,1,4,4,1,5,4,4,2,1,2,4,2,2,5,2,4,4.75,3.625,2.75,20,1,80,3.5
4,2,3,3,4,3,4,4,2,2,1,4,5,2,5,2,2,2,3,4,5,5,3,4,2,3,1,4,3,3,3,4,3.875,2.75,3.625,39,1,90,2.875
1,2,5,5,5,5,2,4,1,5,4,4,5,5,1,1,1,4,5,1,5,1,4,1,1,5,1,5,1,5,1,4,5.0,4.0,3.125,22,2,100,2.875
2,1,3,2,4,4,2,3,3,1,3,2,5,1,1,2,3,1,5,2,4,5,3,3,1,1,3,2,2,4,3,3,4.0,2.25,2.375,14,2,89,2.875
4,2,4,2,2,4,3,2,4,2,4,2,3,2,5,4,3,2,3,2,2,5,2,3,2,2,2,4,4,4,3,2,2.5,2.875,2.625,17,1,90,3.25
1,5,3,2,4,5,4,2,2,4,2,2,5,5,3,4,1,3,5,1,5,4,1,4,1,5,1,5,2,4,2,4,4.625,4.375,3.0,24,1,95,2.625
3,2,2,4,1,5,4,3,4,3,2,2,3,2,5,5,3,2,3,1,3,5,5,4,2,3,2,5,5,5,5,3,2.5,3.375,3.375,18,2,99,3.5
1,4,3,3,1,4,5,4,3,1,2,5,5,2,5,2,1,1,3,3,5,1,2,4,1,3,1,2,1,5,4,3,4.25,2.625,3.25,16,1,95,3.125
1,5,3,2,5,5,4,2,2,3,1,4,5,4,3,1,1,3,2,3,5,3,2,3,1,5,3,3,2,5,4,5,4.75,4.125,2.875,26,2,90,2.75
1,4,2,4,3,5,4,3,5,4,3,3,5,5,2,3,1,4,4,2,5,2,3,2,1,4,1,4,2,4,2,3,4.125,4.0,3.0,19,1,90,2.625
1,4,2,4,3,5,3,2,3,3,3,3,5,4,2,3,1,4,4,2,5,2,2,4,1,3,3,4,2,4,2,5,4.375,3.625,3.375,26,2,100,2.625
2,3,3,3,2,3,3,2,3,4,2,3,5,2,3,3,2,3,2,3,4,3,3,3,2,3,4,2,2,3,3,2,3.75,3.0,2.625,22,1,94,2.875
3,5,3,4,4,5,4,4,4,5,2,5,5,5,5,2,1,5,1,1,4,1,5,5,1,5,1,5,3,5,5,5,3.875,4.5,3.875,17,2,100,3.25
1,2,4,3,4,5,3,2,4,1,2,1,5,2,1,2,1,2,4,1,5,4,2,4,1,4,3,2,2,5,3,3,4.375,3.125,2.25,20,1,90,2.75
1,5,5,2,3,5,3,2,4,3,2,1,4,3,2,4,1,4,3,1,5,3,2,3,1,5,4,3,2,5,1,4,4.125,4.125,2.5,23,1,92,2.75
3,2,1,5,2,2,5,1,5,2,1,4,4,2,5,5,4,2,2,1,3,5,5,5,2,2,1,3,5,5,5,5,2.5,2.75,3.625,22,1,100,3.125
2,3,2,4,4,4,3,4,3,2,2,4,4,3,3,2,2,2,3,3,5,3,2,3,2,4,2,4,3,3,2,4,3.875,3.0,3.5,35,1,90,2.375
2,4,2,2,3,5,4,1,3,2,4,1,5,4,4,4,2,3,3,1,5,4,4,1,1,2,1,2,4,5,1,1,3.875,3.625,1.625,22,1,90,2.875
1,5,3,4,4,5,4,4,2,4,4,5,5,5,5,1,1,4,5,2,5,5,3,4,1,5,2,1,2,5,3,5,4.625,4.75,3.25,27,1,80,3.625
2,3,4,2,3,4,3,2,3,2,4,2,5,2,3,3,1,2,5,2,3,5,2,2,1,2,1,2,2,5,3,2,4.0,3.125,2.125,17,1,100,3.125
1,4,2,2,5,4,4,1,1,3,2,2,5,4,3,2,1,2,3,1,5,2,3,2,1,5,1,2,1,4,1,2,5.0,3.5,1.75,30,1,95,2.375
1,3,5,1,4,5,4,1,3,1,1,1,5,2,3,5,1,1,1,1,4,4,2,1,1,4,5,4,3,2,3,1,4.25,2.75,1.875,21,1,90,3.0
2,4,1,3,3,5,5,3,4,3,1,2,5,4,5,4,4,2,1,2,5,2,3,2,1,5,1,2,4,5,3,4,3.5,3.75,2.75,22,2,90,2.5
5,2,4,2,4,5,3,3,4,3,2,2,2,1,4,2,4,2,4,1,3,3,5,5,4,3,3,4,1,5,3,2,2.625,3.0,2.625,15,2,80,3.5
2,2,3,3,5,4,5,1,1,1,4,3,5,4,3,5,1,1,2,1,5,4,3,2,1,5,2,3,1,4,2,1,4.875,3.125,2.375,15,2,91,3.0
2,2,3,4,4,3,5,4,4,1,2,5,5,3,5,2,3,1,4,3,3,5,3,2,1,2,3,4,2,5,4,2,3.75,2.75,3.25,37,2,85,3.625
1,3,5,3,2,3,2,1,4,2,5,3,5,1,2,2,1,2,5,1,5,3,2,1,1,5,4,5,2,3,2,5,4.125,2.75,2.625,32,1,80,3.375
2,4,4,2,4,4,4,4,2,4,2,3,5,4,2,2,1,4,4,2,4,3,2,3,1,4,2,3,2,4,2,4,4.375,3.875,2.875,28,1,95,2.75
2,4,1,2,4,5,3,2,3,4,2,3,4,3,5,2,2,4,3,2,5,4,3,2,2,5,1,4,3,4,4,2,3.875,4.125,2.375,53,2,100,2.75
2,5,3,5,4,5,5,5,2,5,1,5,5,5,5,1,1,1,1,5,5,1,1,5,1,5,1,5,3,5,5,5,4.375,4.0,4.5,17,2,90,2.75
1,4,2,4,4,3,4,2,3,4,3,3,5,2,4,4,2,3,3,2,5,4,3,3,2,4,2,4,3,4,2,2,4.125,3.5,3.0,17,1,95,2.875
1,4,1,3,3,5,4,4,3,3,2,5,5,2,5,1,2,1,2,2,4,4,4,2,1,4,1,5,2,5,4,1,4.125,3.5,2.875,28,1,85,2.875
1,4,3,4,3,5,2,2,2,3,2,2,5,4,4,3,1,4,5,1,5,2,3,3,1,4,1,2,2,5,3,2,4.5,3.875,2.375,29,2,100,2.875
2,4,2,4,3,5,4,3,2,4,2,4,5,3,5,2,2,4,3,3,4,4,3,3,1,4,1,4,2,5,3,4,4.125,4.125,3.375,19,2,96,2.875
1,5,3,2,5,5,4,3,1,2,2,3,5,4,4,4,1,3,3,2,5,2,3,2,1,3,2,3,1,5,3,3,5.0,3.625,2.75,21,2,80,3.0
3,3,4,2,2,2,2,2,2,2,2,2,3,2,3,2,3,2,2,2,4,4,3,2,3,4,2,2,3,3,3,3,3.125,2.75,2.125,31,1,80,2.625
2,4,1,2,1,4,1,1,5,1,5,1,5,1,5,5,1,1,5,1,5,5,3,1,1,4,4,4,4,4,5,1,3.5,3.0,2.0,24,3,90,3.625
1,4,4,2,5,5,4,2,4,5,3,4,5,2,5,5,1,4,3,1,5,4,2,2,1,5,3,5,1,5,2,4,4.625,4.25,3.125,16,2,100,3.25
4,4,4,3,4,3,3,3,3,2,4,4,5,4,2,3,2,2,2,2,4,2,2,3,1,4,1,4,3,2,1,3,3.75,2.875,3.125,14,1,90,2.375
1,3,3,2,4,5,3,3,2,3,2,5,5,2,4,2,1,2,3,2,5,4,3,1,1,4,3,2,2,5,4,4,4.625,3.5,2.625,48,1,100,3.125
3,3,2,2,5,5,4,5,2,3,5,2,5,4,3,4,1,3,3,2,5,1,3,3,1,3,3,3,2,5,5,5,4.5,3.375,3.25,35,1,100,3.5
1,4,3,3,5,5,4,2,2,4,3,3,5,5,2,4,1,4,5,2,5,3,1,3,1,4,1,4,1,5,1,2,4.875,4.25,2.875,17,1,100,2.5
1,4,4,1,4,5,2,1,1,4,3,1,5,4,5,5,1,4,4,1,5,3,1,3,1,5,3,5,2,5,3,1,4.75,4.25,2.25,15,2,100,3.125
2,3,3,2,3,5,3,3,3,2,1,5,5,3,4,2,2,3,3,3,4,3,3,2,1,3,2,4,3,5,4,4,3.875,3.375,3.125,18,2,85,2.875
3,4,2,3,3,4,4,4,4,4,3,3,4,5,4,2,3,3,3,3,4,1,5,2,3,5,3,3,2,4,4,3,3.25,3.75,2.875,17,1,70,3.5
2,3,2,3,4,5,4,1,2,4,3,2,5,4,2,4,2,3,4,1,5,3,3,2,2,4,2,2,1,5,2,4,4.375,3.875,2.375,17,1,92,2.75
2,3,3,1,4,4,3,2,4,3,4,2,4,3,4,2,4,2,2,1,4,4,1,4,2,3,2,3,1,2,1,2,3.625,3.0,2.125,22,1,80,2.5
2,3,4,4,4,4,3,2,3,3,4,2,5,2,1,4,3,4,2,1,4,5,2,1,2,2,4,4,1,5,3,3,4.0,3.5,2.625,20,2,90,2.875
3,4,3,3,3,4,4,3,2,3,2,2,4,3,3,3,3,3,4,2,4,4,3,3,2,3,3,3,3,5,3,2,3.5,3.625,2.625,16,2,89,3.125
1,3,5,2,4,4,3,2,1,3,3,3,5,3,2,2,1,3,1,1,5,1,3,1,1,3,5,4,1,4,2,3,4.875,3.0,2.25,41,1,85,3.0
1,3,2,3,4,5,4,2,2,2,1,5,5,5,4,2,2,2,1,3,4,5,5,2,1,5,2,2,2,5,3,4,4.375,4.0,2.875,55,1,100,2.75
1,3,4,3,5,5,3,2,1,5,4,5,5,4,3,2,1,3,4,2,5,2,1,4,1,3,2,4,1,5,1,4,5.0,3.75,3.25,46,2,70,2.75
1,5,5,4,5,5,4,5,1,4,5,4,5,5,1,1,1,4,3,4,5,2,1,3,1,5,4,5,2,5,1,4,4.875,4.375,3.75,25,1,95,3.0
1,4,3,2,4,4,5,1,3,3,5,3,4,5,2,5,2,3,4,1,4,2,1,1,1,4,5,5,2,5,1,1,4.125,3.75,2.375,23,2,80,3.25
2,3,5,3,3,4,4,2,3,2,3,3,5,4,5,4,2,3,4,2,5,3,3,2,1,4,2,4,3,4,4,3,4.0,3.375,2.875,39,2,80,3.75
4,4,2,1,3,3,4,4,5,2,1,1,2,2,3,2,4,2,1,1,5,4,1,1,2,4,2,1,2,5,1,4,2.875,3.25,1.875,21,1,95,1.875
2,3,3,2,4,4,3,3,2,3,2,4,4,2,1,2,1,2,4,3,5,3,1,2,2,3,4,4,2,3,2,4,4.25,2.875,3.0,28,1,90,2.5
1,5,5,5,5,5,3,4,2,4,4,4,4,4,2,1,1,4,5,4,5,3,2,4,2,4,2,4,5,4,2,4,4.125,4.125,3.75,40,2,100,3.125
1,4,3,4,3,4,3,4,1,4,2,4,5,2,3,3,1,4,2,4,5,4,4,4,1,4,2,5,3,2,4,5,4.5,3.5,4.125,25,1,90,2.875
3,4,2,4,3,5,2,2,3,4,4,1,5,4,4,2,2,2,2,2,4,3,2,2,2,3,3,3,3,4,3,2,3.625,3.625,2.25,20,2,100,2.75
3,3,5,2,3,5,3,1,2,3,3,1,5,4,3,4,2,3,2,1,5,3,2,2,1,4,1,1,3,5,3,2,4.0,3.75,1.75,26,1,80,2.75
2,3,4,4,5,5,4,2,3,1,1,3,5,4,5,3,3,2,1,1,5,3,4,1,1,5,1,4,1,5,5,4,4.375,3.5,2.75,20,2,100,3.125
2,3,3,1,3,5,4,1,2,3,2,2,4,4,5,4,1,2,3,1,5,4,3,2,1,3,3,5,2,4,3,4,4.25,3.5,2.5,25,1,70,3.25
4,4,1,1,2,3,4,1,5,2,1,2,3,2,4,5,4,2,1,1,3,4,3,1,3,1,1,2,1,4,5,1,2.625,2.75,1.75,16,2,90,2.5
2,3,4,5,4,5,2,5,1,3,3,5,5,4,4,2,1,3,2,5,5,2,3,3,1,4,2,4,2,5,3,4,4.625,3.625,4.125,18,1,80,2.875
3,3,2,2,3,4,4,3,3,4,1,3,5,5,2,2,1,5,4,2,5,2,4,3,1,5,1,3,3,5,5,2,4.0,4.125,2.5,29,2,80,2.875
1,3,5,5,4,5,2,3,2,3,3,2,5,4,2,3,1,3,5,2,5,3,2,3,1,3,3,1,2,4,2,3,4.625,3.5,2.75,27,1,92,3.0
3,4,2,4,3,5,3,4,2,4,3,4,4,4,4,2,3,4,4,4,4,4,3,3,2,4,2,4,4,4,3,3,3.375,4.125,3.5,23,2,95,3.0
2,5,2,3,4,4,3,4,3,4,2,2,5,5,3,3,2,4,3,2,5,4,2,3,1,4,2,4,3,5,3,2,4.125,4.375,2.875,20,1,98,2.5
2,3,2,5,2,5,3,1,4,4,3,2,4,4,5,5,2,4,4,1,3,4,1,4,2,5,2,2,5,5,2,3,3.0,4.25,2.875,25,1,100,2.75
3,4,3,2,3,5,4,3,2,4,3,3,5,3,4,4,1,2,5,4,5,3,2,1,1,4,4,1,2,3,2,2,4.25,3.5,2.5,28,2,70,3.375
2,4,2,2,3,4,3,4,2,2,1,4,4,1,3,1,2,2,1,4,4,2,1,2,1,1,1,3,2,4,2,3,4.0,2.5,2.875,24,1,80,1.75
1,4,5,4,4,5,1,3,2,4,2,3,5,3,1,5,1,4,5,4,5,4,2,4,1,4,3,5,2,4,2,4,4.625,4.0,4.0,14,1,95,2.625
1,3,4,5,5,3,5,2,1,1,1,5,5,2,2,2,1,2,4,2,5,2,3,2,1,2,1,5,1,4,4,4,5.0,2.375,3.375,18,1,90,3.0
3,2,3,3,4,4,3,1,4,2,2,2,5,2,4,5,3,2,2,1,5,5,2,3,2,2,4,5,2,4,3,3,3.75,2.875,2.875,19,1,90,2.875
2,1,4,4,4,5,4,1,4,2,2,2,5,1,3,4,3,1,2,1,5,4,4,1,1,1,1,1,2,4,4,1,4.0,2.375,1.875,14,1,85,3.0
1,5,3,1,5,5,3,2,2,4,2,2,5,5,4,4,1,5,3,1,5,1,3,1,1,5,2,3,1,5,3,1,4.875,4.375,1.875,26,2,99,2.875
1,2,2,1,5,4,5,3,4,1,1,2,5,1,5,3,1,1,3,2,5,3,3,1,1,1,1,3,1,2,1,3,4.625,1.875,2.25,42,1,95,2.625
2,2,5,2,4,5,2,4,2,5,4,2,4,2,2,4,1,3,3,2,5,5,3,3,2,3,5,4,2,4,4,3,4.25,3.625,3.0,15,1,99,3.5
1,3,4,3,4,5,1,3,2,3,5,3,5,4,1,3,2,3,4,2,5,4,2,2,1,4,1,2,1,5,1,3,4.625,3.875,2.625,20,1,90,2.375
1,5,4,2,5,4,4,4,2,4,3,4,5,4,4,4,2,3,4,3,5,2,3,3,1,4,3,3,2,4,3,3,4.625,3.75,3.25,32,2,95,3.5
2,4,3,3,4,4,1,2,3,4,3,2,4,4,4,5,1,4,3,1,5,3,3,2,2,4,2,3,2,3,3,2,4.125,3.75,2.5,20,1,98,2.75
2,4,4,1,5,4,2,2,4,2,4,2,4,3,2,4,2,2,4,2,4,3,1,4,4,3,4,3,1,2,2,1,3.75,2.875,2.375,15,1,100,2.875
1,5,4,5,4,5,3,3,2,4,3,2,4,4,2,2,2,4,2,3,4,2,5,4,2,4,1,3,2,4,2,4,4.125,4.0,3.25,21,1,60,2.75
1,5,4,4,5,5,4,3,1,5,5,3,5,5,2,4,1,5,5,2,5,1,3,1,1,5,2,4,1,5,1,5,5.0,4.5,3.25,17,1,87,3.25
2,4,2,3,5,5,3,4,3,1,2,3,5,3,5,4,1,2,4,3,5,3,3,2,1,4,1,5,4,3,4,2,4.25,3.125,3.25,28,1,100,3.0
2,4,4,3,4,4,2,4,2,2,2,3,3,3,2,4,4,4,3,2,4,3,2,4,2,4,2,4,2,4,3,4,3.625,3.5,3.5,50,1,95,2.5
1,3,3,3,5,4,2,4,1,4,2,4,5,5,3,2,1,5,4,3,5,2,2,3,1,5,1,4,2,4,1,5,4.875,4.0,3.5,22,2,89,2.25
2,4,3,2,5,4,2,5,1,4,1,5,5,3,3,4,1,3,2,1,5,1,3,2,1,4,1,4,1,5,5,5,4.875,3.5,3.5,29,2,90,2.5
1,4,5,1,5,5,1,1,1,4,5,2,5,4,1,4,1,3,5,1,4,3,1,1,1,1,4,2,1,3,1,5,4.875,3.375,2.125,24,1,95,2.875
1,4,3,2,5,5,2,4,2,3,3,3,5,4,2,3,1,4,5,3,5,3,2,2,1,4,2,4,1,4,1,3,4.875,3.875,3.0,25,2,80,2.5
2,4,2,3,3,4,3,2,2,3,3,3,5,3,5,5,2,3,4,2,5,3,4,2,1,4,1,3,2,3,4,2,4.25,3.375,2.75,31,1,90,3.25
3,2,1,4,4,4,2,4,2,2,1,5,5,1,5,2,2,2,3,3,5,3,3,3,1,3,2,4,2,1,3,4,4.25,2.25,3.625,25,1,99,2.5
2,4,4,2,3,4,3,1,2,5,2,3,4,3,3,3,2,4,2,2,4,2,3,3,2,5,2,2,2,4,2,2,3.875,3.875,2.25,43,2,90,2.625
1,2,4,4,4,4,4,3,4,2,1,1,5,3,5,4,2,2,5,2,5,4,1,3,1,3,2,5,4,5,5,2,4.0,3.125,3.0,22,2,90,3.375
1,4,4,3,5,5,4,1,2,3,4,1,5,4,2,4,2,2,4,1,5,3,2,3,1,4,4,4,1,5,1,3,4.75,3.75,2.5,23,1,87,3.125
2,3,3,4,3,4,3,3,3,1,1,4,5,3,2,2,2,4,4,2,5,4,3,3,2,5,2,3,4,4,4,5,3.75,3.5,3.25,21,2,93,2.75
3,4,3,3,3,4,4,3,3,3,3,4,4,4,3,3,2,3,3,3,4,2,2,2,2,4,2,4,3,3,3,3,3.5,3.375,3.125,21,1,90,2.875
1,4,2,1,4,5,5,1,5,5,3,4,5,5,5,1,1,4,5,1,3,5,5,1,1,5,2,5,1,5,5,2,4.125,4.75,2.0,18,2,100,4.0
4,2,4,3,1,2,5,2,5,2,2,1,1,1,5,5,5,1,1,1,3,3,4,3,5,1,1,1,2,2,4,1,1.75,1.75,2.125,16,2,70,3.25
2,1,2,1,3,2,3,1,2,1,4,4,3,1,5,3,1,2,2,1,5,5,4,2,2,1,3,1,2,2,4,1,4.0,1.875,1.75,40,2,95,3.375
2,4,2,2,3,5,3,2,3,4,3,2,4,3,4,2,1,3,4,1,5,3,4,2,2,5,4,3,4,4,3,2,3.75,3.875,2.0,20,2,60,3.375
2,4,3,3,3,4,2,1,1,5,2,2,5,3,4,2,1,4,2,1,5,2,4,2,1,5,1,2,2,5,2,4,4.5,4.0,2.125,21,3,80,2.5
2,5,2,2,4,4,5,1,3,3,1,3,5,4,5,4,1,4,3,1,5,2,1,3,1,5,2,2,2,3,4,3,4.375,3.75,2.375,33,2,100,2.875
1,4,5,3,4,5,1,2,2,4,2,3,5,3,2,3,1,3,4,1,5,4,1,4,1,4,5,5,2,4,1,3,4.625,3.875,3.0,20,1,90,2.625
2,4,3,4,3,5,4,5,2,5,3,3,5,5,5,2,2,5,5,4,5,3,4,3,1,5,4,5,5,5,2,5,3.875,4.625,3.875,15,2,80,3.75
1,4,1,4,3,4,3,4,3,4,2,4,5,3,5,3,2,3,4,1,5,1,2,2,1,3,1,4,3,4,2,4,4.125,3.25,3.25,24,1,90,2.5
1,3,3,2,5,4,4,2,4,3,3,3,5,3,5,4,1,3,3,1,5,4,5,2,1,4,1,5,1,4,3,3,4.625,3.5,2.75,18,2,100,3.375
2,5,5,4,4,5,2,4,2,5,2,3,5,5,4,4,1,5,5,2,5,4,2,1,1,5,2,5,1,5,2,4,4.625,4.875,3.375,18,2,95,3.0
1,4,4,5,4,5,4,5,1,4,1,4,5,3,4,2,1,4,3,4,5,4,3,3,1,5,1,5,3,5,5,3,4.625,4.25,3.875,29,1,80,3.125
2,4,2,3,4,4,3,3,2,4,3,3,4,4,4,2,2,4,3,3,4,3,3,3,1,4,2,4,2,3,2,3,4.125,3.75,3.0,40,2,7,2.75
1,3,3,4,5,5,4,3,1,2,2,3,5,4,2,2,2,2,4,3,5,3,4,4,1,3,3,3,1,5,2,4,4.875,3.375,3.25,33,2,100,3.0
2,4,5,3,4,5,3,4,2,5,2,3,5,4,4,3,2,4,4,3,5,2,3,4,1,5,3,5,1,5,3,4,4.5,4.25,3.625,20,2,97,3.375
2,3,2,3,3,4,4,3,3,3,3,4,5,4,4,3,2,4,3,3,5,3,2,2,1,4,2,4,3,4,4,3,4.0,3.625,3.125,20,1,90,3.0
2,3,1,3,3,3,4,3,1,3,2,5,4,1,5,3,2,2,2,3,5,5,5,3,2,2,1,1,3,3,4,2,4.0,2.75,2.875,15,1,90,3.0
1,5,5,4,5,5,3,2,1,4,4,3,5,4,3,4,1,3,5,1,5,1,2,3,1,4,2,5,1,5,1,5,5.0,3.875,3.375,15,0,100,3.125
2,5,3,4,2,3,5,2,3,2,4,4,5,2,5,3,3,2,2,2,4,4,4,1,2,2,1,4,5,4,5,4,3.25,3.0,3.0,19,1,100,3.625
1,3,3,1,5,5,4,2,2,2,4,2,5,3,3,4,1,1,4,1,5,3,2,1,1,4,3,2,1,4,2,1,4.875,3.125,1.75,16,2,80,3.125
1,4,5,3,5,5,2,2,1,4,5,3,5,5,3,2,1,4,5,3,5,1,1,3,1,5,2,5,1,5,1,4,5.0,4.125,3.125,15,0,100,3.0
2,4,2,4,4,4,4,4,4,4,2,2,4,5,4,4,2,4,4,2,5,2,4,2,2,4,2,2,2,4,4,2,3.875,3.875,2.75,15,2,100,3.25
3,3,2,3,3,3,5,3,3,2,2,2,5,5,5,4,1,2,2,2,5,4,3,2,1,2,1,1,1,3,3,3,4.25,3.0,2.5,40,1,100,2.875
3,2,3,3,2,4,2,3,4,2,2,2,4,3,4,4,4,2,4,2,3,4,3,1,3,4,2,4,4,5,3,2,2.625,3.25,2.625,19,3,80,2.875
1,1,5,3,4,4,4,5,2,3,1,5,5,5,4,1,5,3,1,4,5,4,1,2,1,4,1,4,1,5,5,2,4.25,3.625,3.25,49,2,90,2.75
1,3,2,2,5,5,2,1,4,3,5,1,5,3,4,5,1,2,4,1,5,4,4,2,1,2,2,1,2,4,4,1,4.5,3.25,1.75,15,1,99,3.375
2,2,3,3,2,4,3,1,5,3,3,3,5,3,3,3,2,4,3,1,5,4,2,3,2,4,1,3,3,3,4,1,3.5,3.375,2.25,18,1,95,2.75
1,4,5,3,4,5,5,1,2,4,2,1,5,5,5,5,1,4,3,1,5,1,4,2,1,3,1,5,1,5,2,1,4.75,3.875,2.375,19,2,100,3.375
1,4,4,2,3,5,4,2,2,4,4,2,5,5,3,3,1,3,5,2,5,1,2,1,1,5,2,3,2,3,1,2,4.5,3.75,2.125,26,1,100,3.125
2,3,3,1,4,4,3,1,1,4,2,1,5,3,5,4,2,3,2,1,3,3,4,3,1,4,2,1,2,4,3,1,4.25,3.5,1.625,40,2,85,3.0
5,5,4,4,5,5,5,2,3,3,3,4,5,5,5,5,3,3,5,2,5,4,3,2,1,5,2,5,3,5,3,3,3.75,4.375,3.375,18,2,100,3.75
2,3,2,3,3,3,4,2,3,2,3,3,3,2,4,3,3,2,2,2,3,3,4,3,2,3,1,2,3,3,4,2,3.25,2.625,2.5,33,2,75,3.0
1,4,2,2,4,5,4,4,1,3,2,4,5,2,3,4,3,3,2,2,5,4,3,5,1,3,1,5,3,5,3,3,4.375,3.625,3.625,15,2,96,2.5
1,3,5,2,5,4,3,4,1,4,2,3,5,4,2,1,1,4,3,4,5,2,2,2,1,4,3,5,1,4,2,3,5.0,3.625,3.0,32,1,100,2.75
1,4,2,1,2,5,1,1,5,2,4,1,5,3,2,5,3,4,4,1,4,2,1,2,1,4,3,4,4,5,1,2,3.375,3.625,2.125,29,2,95,2.25
2,5,2,3,3,4,4,3,3,3,2,4,5,4,5,3,2,2,1,2,4,2,2,2,2,4,2,4,4,4,5,4,3.625,3.5,3.125,19,2,60,2.875
2,4,4,2,3,5,4,2,4,3,1,3,4,4,4,4,2,2,1,1,4,3,3,2,2,5,1,2,4,5,2,3,3.375,3.875,2.375,26,2,90,2.5
2,4,2,4,4,4,5,2,1,2,2,4,4,2,5,4,2,1,4,1,4,2,5,4,2,2,1,4,3,5,4,3,4.0,2.75,3.25,17,2,94,3.5
2,3,3,2,2,3,4,2,4,3,2,3,3,2,4,4,3,1,2,2,5,4,3,2,2,3,1,2,3,2,3,2,3.25,2.625,2.375,20,1,60,2.75
5,5,5,1,3,5,3,2,1,1,5,3,5,3,5,3,1,3,5,1,5,4,5,2,1,5,5,5,2,3,5,2,4.125,3.625,2.375,15,2,100,4.75
2,3,4,4,3,2,4,4,2,1,1,4,4,2,5,2,3,2,3,3,5,5,4,2,2,3,2,3,1,2,3,4,4.0,2.5,3.25,54,2,80,3.25
2,5,4,2,4,5,4,4,3,4,2,4,5,3,3,2,1,4,5,2,5,2,2,2,1,4,3,4,2,4,3,3,4.375,3.875,2.875,17,1,90,3.25
5,5,1,3,5,5,5,5,1,3,5,3,5,3,5,3,1,4,3,1,5,4,1,3,1,2,1,4,2,5,2,3,4.375,3.875,3.125,23,2,95,2.875
3,3,4,2,3,4,3,2,4,3,3,3,3,4,3,4,4,4,2,1,3,2,3,2,3,3,2,4,3,5,2,2,2.75,3.5,2.5,23,1,85,2.75
3,3,2,4,3,4,3,3,2,4,1,3,5,3,4,4,2,3,4,2,5,4,4,2,2,5,2,3,4,3,4,3,3.75,3.625,3.0,19,1,80,3.0
3,4,2,3,3,4,3,4,2,3,2,3,5,2,2,2,2,4,4,4,4,3,4,2,2,5,2,4,1,4,3,4,4.0,3.625,3.25,23,1,90,2.75
1,3,2,3,3,4,5,2,2,3,2,4,5,4,5,3,1,2,1,1,5,4,3,2,1,5,1,5,3,2,4,3,4.375,3.375,2.875,17,2,95,2.875
1,3,1,2,5,4,5,3,3,1,1,5,3,3,5,5,1,2,3,1,5,1,3,1,1,4,1,4,4,5,5,1,4.125,2.875,2.75,55,1,100,3.0
1,5,4,5,5,5,1,4,1,4,5,5,5,1,1,1,5,2,5,5,5,5,4,5,1,5,5,5,1,2,1,3,4.5,3.625,4.125,31,1,89,3.25
1,4,2,5,5,5,1,4,2,1,5,5,5,5,5,1,1,5,5,4,4,2,5,5,1,4,2,5,1,5,4,4,4.75,3.875,4.125,22,1,100,3.625
3,2,3,1,2,3,4,1,4,2,4,2,4,2,3,4,4,2,4,1,3,4,1,1,2,3,2,3,2,4,3,1,3.0,2.75,1.75,21,2,66,3.0
1,5,5,3,4,4,3,3,3,5,2,2,5,5,4,3,2,5,4,3,5,4,2,2,2,3,1,4,2,5,3,3,4.25,4.5,2.875,22,2,90,3.0
1,5,5,5,4,5,2,3,2,5,2,4,5,5,1,3,1,3,5,5,5,1,1,3,1,5,4,5,2,5,1,4,4.625,4.25,4.0,18,2,90,2.625
3,2,3,2,4,5,3,2,3,3,1,4,4,4,3,2,2,2,4,2,4,4,4,2,2,3,2,2,4,5,4,2,3.5,3.5,2.25,24,1,60,3.0
2,4,3,3,3,3,4,2,3,2,3,2,5,2,3,4,2,2,2,2,4,4,3,3,1,3,2,2,2,3,3,2,4.0,2.875,2.5,18,1,90,2.875
1,4,5,2,4,5,3,1,2,5,2,1,5,3,2,4,1,4,5,1,5,1,2,1,1,5,3,4,1,4,1,1,4.75,3.875,1.875,15,2,100,2.875
2,3,2,2,4,5,3,4,1,4,5,5,4,2,2,2,2,2,4,4,1,5,3,3,2,3,5,3,4,5,1,4,3.5,3.625,3.375,45,1,100,3.125
2,4,2,2,5,4,3,3,4,4,4,5,5,4,4,3,1,4,5,3,5,4,2,2,1,5,4,4,5,4,3,4,4.0,4.125,3.25,57,1,95,3.375
1,4,4,1,5,5,1,4,2,3,4,2,5,4,5,5,1,2,5,1,5,4,1,5,1,4,5,5,1,2,5,1,4.875,3.5,3.0,15,2,90,3.75
2,4,3,2,4,5,3,2,4,2,4,3,5,3,2,4,2,1,4,1,4,4,4,2,1,4,3,5,2,5,2,1,4.0,3.5,2.5,17,1,95,3.125
4,5,2,5,3,4,3,1,2,4,5,4,3,5,5,3,4,5,4,3,4,4,3,5,3,5,1,1,3,5,4,2,3.0,4.625,3.0,18,1,90,3.375
1,5,4,1,5,4,3,5,2,5,5,5,5,5,2,1,1,4,5,5,5,1,3,2,1,5,4,4,1,4,4,5,4.875,4.125,3.5,15,1,100,3.75
3,2,2,3,2,2,3,3,2,1,3,3,3,1,2,3,4,2,2,3,3,4,3,3,3,3,2,4,4,3,3,3,2.75,2.25,3.125,20,1,86,2.5
1,3,5,4,5,5,2,4,2,1,2,4,5,2,4,1,1,1,5,5,5,5,2,5,1,2,1,5,3,5,3,4,4.625,3.0,4.0,16,2,90,3.0
1,2,4,2,4,4,4,2,2,1,1,3,5,4,5,4,2,1,3,1,4,4,2,2,1,3,1,5,2,3,3,2,4.375,2.75,2.625,17,2,80,2.875
4,3,2,2,3,4,3,4,3,1,2,2,5,2,4,3,2,1,2,3,5,2,4,3,1,2,4,5,5,5,5,2,3.5,2.5,3.0,16,2,80,3.25
1,4,3,4,4,5,3,3,2,4,3,5,5,5,4,2,1,4,4,4,5,3,4,4,1,4,3,3,2,5,1,4,4.625,4.25,3.625,16,1,100,3.125
2,1,5,3,3,2,4,4,1,2,4,2,5,1,1,1,3,1,4,4,3,3,1,5,5,3,3,4,5,3,1,3,3.125,2.0,3.25,16,1,100,2.875
3,5,2,4,4,5,5,3,2,4,2,3,5,5,5,3,3,4,5,2,5,2,4,2,2,5,3,4,3,5,5,3,3.875,4.375,3.0,16,1,90,3.875
1,5,2,4,3,5,3,1,2,1,2,5,5,2,5,3,2,2,3,1,5,3,4,2,1,4,2,5,4,5,1,2,4.125,3.375,2.875,16,2,90,2.75
1,3,4,4,3,4,2,3,2,1,2,4,4,2,2,2,1,1,4,3,4,4,1,2,1,3,4,3,1,4,1,4,4.375,2.75,3.125,20,1,87,2.5
3,2,3,2,4,4,3,3,4,3,2,4,4,4,5,2,2,2,4,4,5,4,4,2,2,4,2,5,4,4,4,4,3.5,3.375,3.25,47,1,70,3.375
5,2,2,1,4,2,3,4,2,2,2,4,5,2,5,4,5,1,2,1,2,2,4,2,2,2,3,2,2,4,3,3,3.125,2.125,2.625,17,1,80,3.0
1,4,3,4,5,5,2,5,2,3,4,5,5,5,3,2,1,3,5,5,5,3,3,5,1,4,2,2,1,5,2,5,4.875,4.0,4.125,16,1,80,3.0
2,4,5,5,4,5,4,4,1,4,2,4,5,4,1,3,1,4,5,2,5,2,1,4,1,4,4,5,1,4,1,4,4.75,3.875,3.875,20,1,100,2.875
1,3,2,4,5,4,5,2,3,3,1,4,5,2,4,4,1,2,2,2,5,2,2,3,1,4,1,4,3,1,4,3,4.5,2.625,3.25,17,1,80,2.625
2,1,2,3,4,4,5,1,2,2,1,2,4,2,3,4,1,1,2,2,5,3,4,2,1,2,1,1,1,4,5,2,4.5,2.375,2.125,18,2,85,2.875
2,4,3,5,5,4,3,4,2,4,2,5,4,1,2,2,1,3,5,4,5,4,4,4,1,3,1,4,2,4,4,5,4.5,3.375,4.125,16,1,86,3.0
1,3,3,3,4,5,3,2,2,3,2,3,5,5,4,3,1,4,4,1,5,1,4,3,1,4,1,4,1,5,4,2,4.75,3.75,2.625,17,2,90,3.125
2,4,3,3,4,5,3,4,3,3,3,4,4,3,3,4,3,3,3,3,3,4,4,2,3,4,3,4,2,4,4,3,3.5,3.75,3.375,30,1,80,3.25
1,2,4,2,4,3,2,2,1,3,4,4,5,3,1,3,1,3,4,2,4,4,1,1,1,4,5,4,1,1,1,4,4.75,2.875,2.75,24,1,80,2.75
1,3,4,3,4,5,1,3,4,3,4,3,5,4,4,4,1,3,5,3,5,3,2,2,1,5,2,3,2,3,1,3,4.375,3.625,3.0,17,1,90,2.875
2,2,3,3,4,3,4,2,2,3,1,3,5,4,2,2,2,2,2,2,5,3,2,3,1,3,2,2,2,3,4,4,4.375,2.875,2.625,31,1,90,2.5
1,1,5,5,5,5,5,5,1,5,1,1,5,5,5,5,1,1,5,1,5,3,5,5,1,5,1,5,1,5,3,5,5.0,3.75,4.0,19,2,100,3.75
4,2,3,4,2,3,3,3,5,3,2,4,2,3,4,3,4,3,3,2,2,3,1,4,4,4,2,2,5,4,3,3,1.75,3.125,3.125,32,1,80,2.625
1,3,5,3,5,5,4,3,2,1,5,2,5,1,4,2,1,1,5,2,5,2,2,1,1,1,1,4,1,1,2,2,4.875,1.875,2.375,19,1,100,3.5
2,2,4,5,5,5,2,4,4,4,4,5,4,4,4,1,1,1,2,2,4,2,1,3,4,4,4,4,3,4,1,4,3.625,3.25,3.5,15,1,75,2.75
1,1,5,2,3,4,3,1,3,1,4,4,4,3,2,4,1,1,5,1,4,5,2,3,2,3,4,3,2,4,1,1,4.0,2.75,2.375,22,2,100,3.25
1,5,4,4,4,5,5,3,2,4,2,2,5,5,4,4,1,4,3,1,4,1,3,2,1,5,1,5,3,5,3,2,4.375,4.25,2.875,21,2,99,3.125
2,4,5,3,4,4,4,5,1,4,4,4,5,5,5,2,1,5,4,5,5,2,3,5,1,4,3,4,1,4,1,4,4.75,4.0,4.0,22,2,85,3.625
3,2,4,3,4,3,4,3,2,2,3,4,4,3,3,2,2,2,3,2,4,4,3,2,2,2,2,2,2,2,3,4,3.875,2.5,2.75,35,2,90,3.125
3,4,3,3,4,4,3,3,1,1,4,2,5,4,3,4,4,1,3,1,4,4,3,2,2,3,1,5,3,4,4,2,3.75,3.125,2.75,23,1,88,3.0
3,2,1,1,3,4,4,1,4,2,2,1,4,3,5,5,2,3,3,1,4,4,4,1,2,4,1,1,3,4,3,1,3.375,3.25,1.5,41,2,80,2.875
4,3,2,3,1,2,3,3,2,2,4,4,4,1,5,2,4,1,2,3,4,1,4,2,2,2,1,2,3,3,2,2,3.0,1.875,2.625,48,2,95,2.875
3,2,4,2,1,4,4,2,1,2,2,2,2,2,5,3,3,1,2,3,4,4,3,2,3,3,1,1,4,4,4,3,2.875,2.75,2.25,21,2,80,3.125
3,4,4,3,2,5,3,1,5,4,1,3,4,5,5,5,5,4,3,1,4,4,1,1,2,4,1,4,5,4,4,1,2.5,4.25,2.375,19,2,80,2.75
1,3,4,3,4,5,4,2,2,3,4,2,4,3,2,4,1,4,4,2,5,2,2,2,1,4,4,4,1,4,1,4,4.625,3.5,2.875,20,1,95,3.125
2,4,3,3,4,5,3,3,2,4,2,4,5,5,3,3,2,4,4,3,5,4,2,4,1,4,4,5,2,5,2,4,4.375,4.375,3.625,19,1,84,2.875
3,2,1,2,2,5,2,2,2,1,4,2,4,2,1,1,2,1,5,2,4,1,3,3,2,1,1,4,4,4,2,2,3.375,2.125,2.25,21,2,80,2.375
1,4,1,3,4,5,4,1,1,4,1,2,5,5,5,5,1,4,2,1,5,3,4,2,1,4,1,3,4,5,4,2,4.5,4.25,2.375,22,2,98,2.75
1,5,3,5,3,1,3,5,2,4,2,2,3,3,2,3,4,3,4,2,4,2,2,3,2,4,1,4,3,4,2,5,3.5,3.25,3.625,35,1,70,2.375
2,3,1,2,3,5,2,1,3,3,2,3,5,3,5,4,2,2,3,2,4,4,2,1,2,2,4,2,2,5,1,3,3.875,3.375,2.25,19,1,85,2.5
1,4,3,2,5,3,4,1,1,3,3,2,5,5,2,3,1,4,2,1,5,2,1,1,1,3,1,1,1,4,1,4,5.0,3.5,1.875,25,1,90,2.125
2,5,3,3,4,3,4,2,2,2,2,2,5,5,5,3,1,2,2,2,5,3,2,3,1,4,3,5,2,4,4,4,4.5,3.5,3.0,23,2,94,3.125
2,3,2,2,4,3,4,2,1,3,2,4,5,4,4,3,1,3,3,2,5,3,3,3,1,5,3,4,1,2,3,4,4.75,3.25,3.0,37,2,85,3.0
3,3,3,4,1,5,3,2,3,1,1,2,4,1,4,3,2,1,2,1,4,5,4,3,3,1,2,1,5,5,1,4,2.875,2.75,2.5,20,2,83,2.5
1,4,1,1,4,4,4,2,2,2,4,1,4,2,3,4,2,3,4,1,4,2,5,3,1,1,3,5,1,5,3,1,4.375,2.875,2.25,22,2,80,3.375
2,4,1,1,4,4,4,4,4,4,1,3,5,3,2,4,2,3,1,1,4,3,5,1,2,4,2,1,2,4,5,1,3.875,3.625,2.0,22,2,70,2.625
5,1,3,2,3,2,4,1,2,1,1,1,5,4,2,1,2,1,4,1,5,1,1,1,1,1,2,5,3,4,4,4,3.75,1.875,2.0,16,2,90,2.625
2,5,2,1,4,5,4,1,2,4,2,1,5,5,5,5,1,5,1,1,5,1,3,1,1,5,1,5,1,5,4,1,4.625,4.375,2.0,14,2,100,2.75
4,3,3,5,2,4,4,5,2,3,1,5,5,5,4,3,4,3,3,4,5,1,1,2,2,2,2,5,4,4,3,5,3.25,3.125,4.25,14,1,97,2.625
2,3,2,4,2,4,4,4,2,2,2,4,4,3,4,3,3,3,2,1,3,4,4,4,2,3,1,2,4,4,4,4,3.25,3.25,3.25,24,2,80,2.875
3,2,1,4,1,4,5,1,3,3,1,1,3,3,5,5,4,2,1,1,2,3,4,3,1,3,1,1,5,4,2,1,2.5,3.0,2.125,27,2,85,2.5
1,3,3,4,4,5,4,3,2,2,2,3,5,5,3,4,1,3,4,2,5,2,3,4,1,4,2,5,2,4,2,4,4.625,3.5,3.625,16,2,80,2.875
2,3,2,2,3,3,2,2,2,3,1,3,4,4,2,4,2,3,4,2,4,3,1,2,1,3,3,3,3,3,3,4,3.875,3.125,2.75,22,2,100,2.25
3,2,3,1,5,5,2,1,3,2,5,1,5,3,3,5,1,3,5,1,4,1,2,1,1,3,4,3,1,5,1,1,4.375,3.0,1.75,19,1,90,3.125
1,5,2,3,4,4,4,3,2,3,2,3,5,3,4,3,1,3,4,2,5,3,4,2,1,4,1,4,1,4,4,4,4.75,3.625,3.0,41,1,90,3.125
1,4,3,3,4,5,5,3,1,4,1,4,5,5,4,2,1,4,2,3,5,2,4,2,1,5,1,3,1,4,4,3,4.875,4.125,2.875,36,2,100,3.0
2,3,5,5,3,5,2,3,2,3,3,5,3,4,1,2,1,2,4,3,4,2,2,4,2,3,2,4,2,4,2,4,3.875,3.25,3.75,18,1,80,2.625
2,3,1,2,5,5,4,3,1,3,4,2,4,5,5,2,1,3,4,2,5,4,4,1,1,5,1,3,1,5,2,3,4.75,4.125,2.25,22,2,100,3.125
3,2,1,1,3,4,4,1,5,1,1,1,4,2,4,5,3,2,1,1,4,4,4,1,2,2,2,2,3,4,4,1,3.125,2.625,1.625,22,2,95,2.625
1,4,2,4,4,4,5,4,2,3,1,3,5,4,5,2,2,3,2,4,4,3,4,4,2,3,1,3,2,4,4,3,4.25,3.5,3.375,20,1,95,3.0
1,4,2,2,5,5,3,2,2,4,4,4,4,2,2,2,2,4,4,2,4,2,2,2,2,4,2,3,2,4,2,2,4.25,3.625,2.375,29,1,100,2.625
2,2,4,1,3,3,3,1,3,2,1,4,5,2,4,5,2,2,2,1,5,4,2,2,1,3,3,4,2,4,2,1,4.125,2.75,2.375,23,1,90,2.625
1,3,4,4,5,5,2,5,1,3,4,5,4,2,3,5,1,2,5,5,5,4,4,5,2,5,5,5,2,4,1,2,4.625,3.5,4.5,29,2,65,3.5
1,1,2,3,4,5,5,3,4,2,1,4,4,1,4,3,2,1,1,3,5,5,4,3,2,1,2,5,3,4,5,3,3.875,2.5,3.375,19,2,88,3.0
3,2,4,1,2,5,3,3,4,1,4,1,2,2,5,5,3,4,4,2,4,3,5,2,3,1,1,1,2,3,3,3,2.875,2.625,2.25,24,2,70,3.625
1,3,4,3,5,5,5,3,1,3,3,3,5,2,5,4,2,3,5,3,5,3,3,5,1,5,1,3,5,5,3,4,4.375,3.625,3.5,18,1,70,3.625
2,2,4,1,4,5,3,1,2,2,2,2,4,3,5,5,1,2,4,1,5,3,4,2,2,4,1,5,2,4,4,3,4.25,3.125,2.5,21,2,90,3.375
3,3,4,4,4,5,4,2,2,4,3,4,3,2,4,3,3,1,1,2,4,4,4,2,3,4,2,2,3,5,4,2,3.375,3.5,2.625,31,1,80,3.25
1,5,2,1,3,4,4,5,3,4,1,3,5,5,2,2,1,3,2,2,5,2,2,1,1,3,1,2,3,5,5,1,4.25,3.875,2.125,44849,0,100,2.375
3,3,3,3,2,4,3,4,2,4,2,4,5,3,2,2,3,3,4,4,4,4,2,2,2,3,2,2,3,4,3,4,3.5,3.5,3.125,24,1,80,2.625
2,4,1,2,5,5,1,4,1,5,5,1,5,5,5,4,1,4,5,1,5,2,2,1,1,5,1,5,1,5,1,2,4.875,4.375,2.5,18,1,90,2.625
4,3,2,1,3,3,4,1,3,2,1,3,2,3,3,4,2,2,1,1,5,3,2,1,4,4,3,2,2,3,2,1,3.125,2.875,1.75,35,1,80,2.25
1,2,3,2,5,5,5,2,1,2,2,3,5,4,5,4,1,2,3,2,5,5,2,1,1,4,2,4,2,3,3,1,4.875,3.375,2.375,27,1,100,3.125
2,3,2,4,4,5,4,3,2,4,2,3,4,4,5,3,2,3,1,3,4,3,4,2,2,4,2,4,2,4,4,3,4.0,3.75,3.125,61,2,100,3.0
2,3,4,3,4,2,2,2,2,2,4,2,4,2,2,2,3,2,3,2,3,2,2,3,2,3,3,3,2,3,1,3,3.75,2.375,2.5,15,2,99,2.625
2,1,3,2,3,4,4,1,1,3,1,2,5,2,4,4,2,1,4,1,4,5,4,1,1,2,1,1,2,4,3,1,4.25,2.75,1.625,18,2,90,3.0
1,3,4,2,5,3,4,1,2,1,2,2,5,3,2,2,2,1,2,2,4,4,2,1,1,3,4,3,1,3,2,4,4.625,2.625,2.125,20,1,86,2.75
3,3,2,3,5,5,2,2,1,2,2,2,5,4,5,4,2,3,3,2,5,4,3,2,2,4,2,4,3,4,4,2,4.25,3.625,2.625,36,2,90,2.875
1,4,4,4,5,5,3,4,1,4,3,5,5,5,3,2,1,4,4,4,5,2,2,3,1,4,4,5,1,3,3,4,5.0,3.875,3.875,20,1,90,3.25
1,3,3,5,3,4,2,4,3,2,4,4,5,4,1,2,1,4,5,5,4,2,2,3,2,5,4,4,5,4,2,4,3.75,3.5,3.875,20,1,85,2.875
1,3,3,2,4,5,3,1,3,2,5,3,5,4,2,4,1,2,3,1,5,5,3,2,1,3,2,3,1,5,5,3,4.625,3.625,2.375,22,1,80,3.25
1,3,3,1,3,3,4,2,2,3,4,2,4,3,4,3,1,3,2,1,5,3,4,1,1,5,2,3,1,5,4,3,4.5,3.5,2.0,16,2,95,3.375
1,3,4,2,1,1,3,2,2,2,3,3,5,1,2,3,1,2,5,2,5,5,3,1,1,4,2,5,1,5,2,3,4.375,2.875,2.625,16,2,95,3.0
1,3,4,2,5,3,4,3,1,2,4,2,4,1,5,3,1,1,4,2,4,5,4,3,2,1,1,4,2,2,1,2,4.5,2.25,2.625,20,2,90,3.375
1,3,4,4,5,5,3,4,1,3,3,3,5,3,2,1,1,3,5,2,5,3,1,1,1,3,1,5,1,5,1,3,5.0,3.5,2.875,22,2,90,2.5
1,4,4,3,4,4,4,3,2,4,4,4,5,4,3,2,1,4,3,3,5,3,3,2,1,4,4,4,2,4,3,4,4.625,3.875,3.125,28,2,90,3.5
5,2,1,1,3,4,3,1,5,1,1,1,2,1,2,1,5,1,1,1,2,4,4,1,4,2,1,1,4,2,1,1,1.75,2.125,1.0,18,2,100,1.75
1,4,3,3,3,3,4,2,2,4,2,4,5,4,4,3,2,2,3,2,5,3,3,3,1,4,1,4,5,4,3,4,4.0,3.5,3.125,18,2,65,2.875
3,2,1,3,4,3,4,2,3,1,2,3,4,1,4,3,3,1,2,2,5,5,4,2,2,2,3,2,3,4,3,2,3.625,2.375,2.375,22,2,99,2.875
1,5,5,5,5,5,1,2,1,5,5,4,5,5,1,1,1,5,5,2,5,1,1,1,1,5,1,5,1,5,1,2,5.0,4.5,2.75,21,1,100,2.5
2,4,4,2,5,5,4,2,1,4,2,3,5,5,4,4,1,3,4,2,5,3,2,2,1,4,2,2,1,5,1,2,4.875,4.125,2.375,37,2,99,2.875
3,5,4,4,3,5,3,3,3,3,4,4,4,4,4,3,2,4,4,3,5,4,3,4,1,5,2,3,2,4,2,5,3.875,4.25,3.625,33,1,80,3.25
1,3,2,3,4,5,5,1,2,3,2,2,4,5,4,4,1,4,2,1,5,2,4,2,2,5,1,2,2,5,4,4,4.375,4.0,2.375,54,1,90,3.0
1,2,1,4,1,3,5,2,1,2,3,4,5,5,3,1,1,2,3,1,5,2,2,3,1,4,2,5,2,5,1,5,4.375,3.125,3.125,17,2,100,2.5
1,4,3,3,5,5,5,3,5,4,4,1,5,4,5,5,1,4,3,1,5,4,4,4,1,5,3,2,1,4,5,3,4.5,4.25,2.75,17,2,75,4.0
2,3,3,2,2,3,4,2,3,1,2,2,5,2,4,4,2,1,3,1,4,3,3,3,1,1,1,3,2,4,2,2,3.875,2.25,2.375,17,2,85,2.75
1,4,3,1,3,5,1,1,5,1,5,1,5,5,1,5,4,3,3,1,5,1,1,1,1,5,4,4,1,5,1,1,3.875,3.625,1.875,20,2,95,2.375
2,4,5,1,4,5,2,2,2,4,5,1,5,4,2,4,2,3,4,1,5,3,4,2,5,3,5,4,1,5,1,3,4.0,3.875,2.25,14,1,95,3.5
1,5,5,5,5,5,4,5,5,5,5,1,5,5,1,1,1,5,1,5,5,1,1,1,1,5,1,5,3,5,4,5,4.25,4.5,3.5,24,1,100,2.75
5,4,1,2,2,4,2,1,2,2,3,3,4,1,5,2,1,2,4,1,2,5,5,3,2,2,1,1,5,5,3,1,2.875,3.125,1.75,46,1,95,3.0
2,3,2,2,4,5,3,2,2,1,3,2,5,2,4,4,1,3,2,2,5,2,5,2,1,4,1,4,2,4,2,2,4.5,3.0,2.5,39,1,60,2.75
1,5,4,4,4,5,3,1,1,2,1,3,5,5,1,1,1,1,3,1,5,3,1,2,1,5,3,5,2,5,1,2,4.75,3.875,2.375,17,2,99,2.125
3,4,4,3,4,3,4,4,3,3,2,3,2,5,5,4,5,5,5,4,5,5,5,4,4,5,5,4,3,3,2,3,2.875,4.125,3.625,29,1,80,4.0
1,5,4,2,5,5,2,5,1,4,2,5,5,3,2,1,1,3,4,4,5,4,2,2,1,5,1,3,1,5,1,5,5.0,4.25,3.375,27,2,85,2.25
2,3,1,2,3,2,4,2,3,2,2,3,4,3,3,3,2,3,3,1,4,4,4,2,2,4,3,1,2,2,3,2,3.75,2.875,2.0,25,1,80,2.875
2,3,4,3,4,5,1,3,3,2,3,3,4,3,2,2,1,2,3,3,4,3,2,3,1,4,1,2,2,5,2,3,4.125,3.375,2.75,20,1,50,2.25
1,5,4,2,5,4,3,2,2,3,2,3,5,3,5,4,1,2,3,2,5,3,2,1,1,3,3,2,2,3,3,5,4.75,3.25,2.625,17,2,95,3.125
1,4,4,2,5,3,2,4,3,2,1,5,4,2,2,1,1,3,3,3,5,3,2,4,1,3,4,1,2,2,2,5,4.5,2.75,3.125,23,1,90,2.5
2,4,3,1,3,3,2,3,4,3,3,4,5,3,5,1,1,2,4,2,5,4,3,2,1,3,1,2,2,4,2,4,4.125,3.25,2.375,30,2,90,2.875
3,3,2,3,2,3,2,2,2,2,3,4,4,3,4,2,4,2,2,3,4,2,3,4,2,4,3,4,2,4,2,4,3.375,2.875,3.25,17,2,60,2.625
2,3,3,5,3,5,3,5,2,2,3,3,5,3,3,1,2,2,3,5,4,1,3,4,1,2,1,2,3,3,1,5,4.0,2.625,3.75,31,1,95,2.5
1,4,3,3,4,4,3,3,2,4,2,3,5,4,3,3,2,4,4,3,5,2,3,3,2,4,2,3,3,4,3,3,4.25,3.75,3.0,23,1,90,2.875
2,4,2,2,5,5,2,1,1,3,3,1,5,3,3,5,2,3,3,1,5,5,3,2,1,2,3,2,1,4,3,1,4.75,3.625,1.875,16,2,100,2.75
4,5,4,5,4,4,2,2,1,5,5,5,5,5,3,3,2,5,5,2,5,2,5,2,1,5,2,3,4,5,5,4,4.0,4.5,3.25,14,2,56,3.875
1,4,4,4,4,4,2,4,2,4,1,2,5,4,2,2,1,4,3,4,5,3,2,2,1,4,2,5,2,3,3,4,4.625,3.75,3.375,22,2,85,2.375
2,3,2,2,4,3,4,2,1,2,2,3,4,3,5,4,2,2,5,1,5,4,4,2,2,4,2,4,3,2,4,2,4.125,2.875,2.5,55,1,90,3.5
2,4,4,3,4,5,2,3,2,4,4,2,4,4,2,3,2,4,5,3,5,2,1,4,2,5,2,5,2,5,1,3,4.125,4.125,3.25,18,2,80,2.625
1,5,5,5,5,5,3,5,1,4,5,3,5,5,2,1,1,5,5,4,5,1,1,4,1,5,1,4,1,3,1,5,5.0,4.125,3.875,19,1,100,2.875
1,3,5,1,3,3,4,1,5,2,5,1,5,2,3,5,2,1,3,1,4,5,1,1,1,3,5,1,1,3,1,1,4.0,2.75,1.5,25,2,100,3.375
3,2,3,2,3,5,4,2,5,2,4,3,4,3,5,4,2,3,3,1,4,5,4,3,1,4,2,3,2,4,3,1,3.5,3.5,2.375,27,2,98,3.5
2,1,4,2,4,4,5,1,1,2,2,4,5,2,5,4,2,4,5,2,5,5,4,3,1,5,1,1,2,2,4,4,4.5,3.125,2.625,14,2,100,3.75
3,4,4,2,2,4,2,3,2,4,2,2,4,5,2,2,2,4,4,2,4,2,2,1,2,4,2,4,2,5,1,3,3.625,4.0,2.375,26,1,50,2.375
2,3,1,3,5,4,4,3,4,3,3,4,5,4,5,3,4,4,3,3,5,4,4,2,1,5,2,3,4,4,3,4,3.75,3.875,3.125,61,2,80,3.125
2,3,2,4,3,4,3,4,5,2,5,4,5,3,5,2,1,2,5,3,5,3,2,5,1,4,3,1,1,2,1,5,4.125,2.875,3.5,24,1,80,3.25
3,2,4,1,3,4,2,1,2,2,4,1,5,3,3,2,3,2,2,1,3,5,2,1,1,3,4,1,3,4,2,1,3.625,3.125,1.125,16,1,89,2.875
2,5,3,1,3,5,5,1,2,4,1,1,5,4,5,5,1,5,1,1,5,4,1,2,1,5,1,5,2,5,5,1,4.375,4.625,2.125,16,2,80,2.75
2,3,3,3,4,4,4,3,4,2,4,3,5,3,4,3,2,3,4,2,4,4,3,2,2,4,1,5,3,4,3,3,3.75,3.375,3.0,22,1,60,3.25
2,5,3,1,3,5,4,3,3,5,3,4,5,5,3,2,3,5,1,2,3,2,3,3,2,5,3,2,4,5,3,4,3.375,4.625,2.625,24,1,90,2.875
5,2,3,2,2,5,3,2,5,2,4,2,3,1,3,4,3,2,4,3,3,5,2,3,3,4,2,1,5,5,3,2,2.125,3.25,2.375,35,1,75,3.0
1,2,3,1,5,5,4,1,2,4,2,2,5,2,5,5,1,2,5,1,5,4,2,2,1,5,2,5,1,4,1,1,4.875,3.5,2.25,27,2,99,3.0
3,4,4,3,3,3,4,2,3,3,4,2,4,4,2,4,3,2,3,2,3,3,2,3,3,3,2,3,4,3,2,3,3.0,3.125,2.75,18,1,65,2.875
2,2,3,3,3,3,5,3,2,3,2,3,3,2,4,3,3,1,2,3,4,5,3,2,3,4,1,1,3,2,3,2,3.375,2.75,2.5,35,2,80,2.875
2,5,2,3,4,5,3,2,2,5,2,2,4,4,2,4,2,5,4,2,4,2,4,3,2,4,2,2,2,5,2,1,4.0,4.375,2.375,16,2,90,2.625
2,4,4,4,2,5,2,2,4,2,4,2,5,4,2,1,4,2,5,4,3,2,1,3,1,3,2,5,2,4,1,3,3.375,3.25,3.0,24,1,95,2.625
2,2,2,3,2,4,5,2,3,3,2,2,5,4,5,5,2,3,1,2,4,5,4,1,1,3,1,2,2,4,3,3,3.875,3.5,2.5,16,2,90,2.875
2,3,3,4,2,5,4,4,3,2,2,4,4,2,1,2,2,2,3,3,3,3,2,3,1,3,1,3,3,4,3,4,3.5,3.0,3.375,23,2,80,2.375
2,4,3,3,4,4,4,2,2,5,2,4,4,4,3,3,2,5,3,2,4,2,3,3,2,5,3,3,2,4,4,4,4.0,4.125,3.0,15,1,94,3.125
4,3,2,2,3,4,2,1,5,4,4,1,4,2,4,5,4,3,4,1,2,4,2,5,3,4,4,4,3,4,5,2,2.5,3.5,2.625,21,1,97,3.375
1,4,5,5,3,5,2,4,2,2,4,1,5,5,2,1,2,2,4,4,4,1,2,4,1,4,4,5,3,4,1,4,4.125,3.375,3.5,22,1,90,3.0
3,3,2,2,4,5,2,2,3,2,2,4,4,3,5,4,1,2,4,2,5,2,4,1,1,3,3,5,2,4,5,2,4.125,3.0,2.75,51,1,75,3.375
1,1,5,5,2,5,5,5,1,3,1,5,5,5,1,1,1,2,1,1,5,4,5,2,1,5,1,5,2,2,4,4,4.5,3.375,3.5,26,2,60,2.875
3,2,4,5,5,5,4,1,5,3,1,2,3,1,5,5,1,1,1,1,5,4,5,2,3,3,4,4,1,4,4,3,3.75,2.875,2.875,23,1,90,3.5
2,1,3,2,3,2,4,2,3,1,2,1,5,3,4,4,2,1,3,1,4,5,4,2,1,2,2,4,2,3,2,3,4.0,2.25,2.375,15,2,80,3.0
1,4,3,1,5,4,4,1,2,1,2,1,5,3,3,2,1,1,4,1,5,3,2,1,1,4,3,4,1,1,1,4,4.875,2.625,1.875,41,1,95,2.75
2,4,1,3,4,4,5,2,3,2,1,2,5,4,5,4,1,3,3,2,5,1,4,3,1,3,1,1,1,4,3,4,4.5,3.125,2.625,17,1,95,2.875
1,5,2,2,1,1,2,2,4,1,1,2,1,4,5,3,5,5,1,2,5,5,4,1,1,3,1,5,1,1,5,2,3.125,3.125,2.375,16,2,90,2.625
2,4,3,5,3,5,3,2,3,3,4,4,5,3,3,4,3,4,4,3,5,3,4,3,1,4,1,2,2,5,3,2,4.0,3.875,3.125,26,1,100,3.125
3,3,3,2,3,2,4,3,4,2,2,3,4,2,4,3,2,2,2,2,4,5,4,2,2,4,2,2,4,2,3,2,3.25,2.75,2.375,49,2,90,3.0
4,4,3,4,5,5,1,2,1,3,4,5,4,3,2,1,1,1,1,1,5,2,1,1,1,5,1,5,2,5,1,5,4.375,3.5,3.0,18,1,75,1.75
4,4,5,4,2,5,2,4,5,3,4,3,4,3,2,3,4,4,5,4,2,4,2,3,2,4,5,4,2,4,2,3,2.625,3.875,3.5,20,2,90,3.375
2,1,4,1,5,1,5,1,1,1,3,1,5,1,4,5,1,1,1,1,5,5,2,1,1,1,1,1,1,1,3,1,4.875,1.5,1.5,22,1,90,2.875
1,3,3,4,5,4,3,2,2,3,3,4,4,4,5,5,1,4,3,2,5,3,3,4,2,4,2,4,2,3,5,3,4.5,3.5,3.5,22,1,95,3.375
4,2,3,2,1,4,2,3,3,2,2,3,4,1,2,4,2,2,1,2,4,4,3,3,2,3,3,4,5,4,3,3,2.875,2.75,3.0,22,2,65,2.375
3,2,3,2,2,4,3,1,3,2,4,3,4,3,5,4,3,3,2,1,4,3,2,2,2,3,2,3,4,4,3,1,3.125,3.0,2.125,22,2,90,3.0
2,3,4,3,3,4,2,3,4,3,5,3,4,4,3,4,2,4,2,2,4,2,3,4,1,5,3,4,4,4,3,5,3.5,3.625,3.5,22,1,100,3.125
3,4,2,3,5,5,3,3,2,1,2,1,5,2,2,3,3,4,4,2,5,5,3,2,1,1,3,5,4,5,4,3,4.0,3.375,2.75,26,2,100,2.875
1,5,3,2,5,5,4,3,2,4,2,4,5,5,5,3,2,4,3,2,5,2,4,4,1,4,1,4,1,5,4,4,4.75,4.25,3.25,30,1,90,3.25
2,4,5,3,4,4,3,3,1,3,3,3,5,4,3,3,2,4,3,2,5,2,2,3,1,5,1,3,2,5,1,3,4.5,3.875,2.875,30,2,85,2.625
4,5,3,4,5,5,4,3,2,3,5,5,5,3,3,2,1,3,4,3,5,3,2,2,1,5,5,4,2,4,2,5,4.375,3.875,3.5,45,1,90,3.5
2,4,3,2,3,3,4,3,2,2,2,4,4,3,5,3,2,2,2,2,4,3,4,2,2,3,2,3,3,5,4,3,3.75,3.125,2.75,16,1,85,3.25
1,4,5,2,4,4,2,3,2,4,2,4,5,4,2,2,1,4,5,3,5,5,2,2,1,3,5,3,2,4,1,3,4.625,4.0,2.75,22,2,90,3.0
2,4,2,3,3,4,4,3,3,3,2,3,4,4,2,3,3,4,4,3,4,2,2,2,3,4,3,3,3,4,3,4,3.375,3.625,3.0,22,1,75,2.75
3,4,4,4,3,4,3,2,4,2,4,3,4,4,2,3,2,2,3,2,5,2,2,2,1,4,1,1,1,1,1,1,3.875,2.875,2.25,18,1,100,2.5
2,5,3,2,3,5,4,1,2,5,4,1,5,5,4,5,2,5,4,1,4,1,1,1,1,5,1,3,3,5,1,3,4.0,4.5,2.125,18,2,100,2.75
1,4,5,4,5,5,3,2,1,3,5,2,5,4,5,5,1,2,3,1,5,1,2,1,1,4,5,4,1,5,1,1,5.0,3.5,2.5,19,2,99,3.625
1,4,3,4,5,5,3,3,2,4,3,3,5,5,2,3,1,5,5,2,5,2,2,3,1,4,5,3,1,5,2,3,4.875,4.25,3.0,36,1,90,3.125
2,4,3,2,3,4,2,3,2,4,2,4,5,3,4,3,2,4,2,4,5,3,2,3,1,4,3,3,2,4,2,2,4.25,3.75,3.0,37,1,100,2.5
3,2,3,3,2,5,3,2,3,4,1,4,2,2,4,4,4,1,2,2,4,4,3,3,3,4,3,2,5,4,4,4,2.5,3.25,3.0,18,2,95,2.875
1,4,5,2,4,4,1,2,2,5,2,2,5,4,1,2,1,3,4,2,5,3,1,3,1,4,5,4,1,4,1,2,4.75,3.875,2.375,31,1,95,2.5
1,4,4,5,4,4,3,5,4,3,4,5,5,5,2,1,1,3,4,5,5,4,2,4,1,4,4,4,2,4,1,5,4.375,3.875,4.25,15,1,95,3.0
3,4,4,3,3,4,3,2,4,3,3,2,4,4,3,4,3,3,3,2,3,3,2,3,2,4,2,3,3,4,3,3,3.125,3.625,2.75,21,2,87,2.875
4,2,1,3,3,5,3,2,4,3,3,4,4,2,5,4,3,1,4,2,5,3,3,2,2,4,2,2,2,4,3,1,3.375,3.0,2.5,30,2,75,3.0
